-- phpMyAdmin SQL Dump
-- version 4.5.1
-- http://www.phpmyadmin.net
--
-- Хост: 127.0.0.1
-- Час створення: Лют 13 2017 р., 12:29
-- Версія сервера: 10.1.16-MariaDB
-- Версія PHP: 5.6.24

SET SQL_MODE = "NO_AUTO_VALUE_ON_ZERO";
SET time_zone = "+00:00";


/*!40101 SET @OLD_CHARACTER_SET_CLIENT=@@CHARACTER_SET_CLIENT */;
/*!40101 SET @OLD_CHARACTER_SET_RESULTS=@@CHARACTER_SET_RESULTS */;
/*!40101 SET @OLD_COLLATION_CONNECTION=@@COLLATION_CONNECTION */;
/*!40101 SET NAMES utf8mb4 */;

--
-- База даних: `news_db`
--

-- --------------------------------------------------------

--
-- Структура таблиці `advert`
--

CREATE TABLE `advert` (
  `id` int(11) NOT NULL,
  `name` varchar(50) DEFAULT NULL,
  `price` float DEFAULT NULL,
  `company` varchar(50) DEFAULT NULL
) ENGINE=InnoDB DEFAULT CHARSET=utf8;

--
-- Дамп даних таблиці `advert`
--

INSERT INTO `advert` (`id`, `name`, `price`, `company`) VALUES
(1, 'Телефон', 8000, 'Samsung'),
(2, 'Кроссовки', 3000, 'Nike'),
(3, 'Фотоаппарат', 15000, 'Canon'),
(4, 'Порошок', 400, 'Ariel'),
(5, 'Ноутбук', 13000, 'HP'),
(6, 'Часы', 1500, 'Cassio'),
(7, 'Телевизор', 7000, 'Sony'),
(8, 'Велосипед', 5000, 'Сomanch');

-- --------------------------------------------------------

--
-- Структура таблиці `category`
--

CREATE TABLE `category` (
  `id` int(11) NOT NULL,
  `name` varchar(200) COLLATE utf8_bin NOT NULL
) ENGINE=InnoDB DEFAULT CHARSET=utf8 COLLATE=utf8_bin;

--
-- Дамп даних таблиці `category`
--

INSERT INTO `category` (`id`, `name`) VALUES
(1, 'Политика'),
(2, 'Экономика'),
(3, 'Мир'),
(4, 'Спорт'),
(5, 'Культура'),
(8, 'Музыка');

-- --------------------------------------------------------

--
-- Структура таблиці `comments`
--

CREATE TABLE `comments` (
  `id` int(11) NOT NULL,
  `message` text NOT NULL,
  `date` datetime NOT NULL DEFAULT CURRENT_TIMESTAMP,
  `user_id` int(11) NOT NULL,
  `post_id` int(11) NOT NULL,
  `mark` int(11) UNSIGNED NOT NULL DEFAULT '0',
  `parent_id` int(11) DEFAULT NULL,
  `visible` int(11) NOT NULL
) ENGINE=InnoDB DEFAULT CHARSET=utf8;

--
-- Дамп даних таблиці `comments`
--

INSERT INTO `comments` (`id`, `message`, `date`, `user_id`, `post_id`, `mark`, `parent_id`, `visible`) VALUES
(6, 'Опять политика (((', '2017-02-11 21:26:35', 2, 79, 0, 0, 1),
(7, 'Какая молодец', '2017-02-11 21:28:40', 3, 41, 0, 0, 1),
(8, 'Ура', '2017-02-11 21:34:26', 4, 27, 0, 0, 1),
(9, 'или не ура', '2017-02-11 21:39:18', 4, 27, 4, 0, 1),
(12, 'политика', '2017-02-11 21:51:56', 1, 9, 5, NULL, 1),
(13, 'политика2', '2017-02-11 21:53:06', 1, 9, 7, NULL, 1),
(14, 'pppp', '2017-02-11 21:53:41', 1, 9, 5, 12, 1),
(15, 'Нарешті', '2017-02-11 21:56:27', 1, 9, 1, NULL, 1),
(16, 'Нарешті', '2017-02-11 22:02:18', 1, 9, 0, NULL, 1),
(17, 'а сейчас?', '2017-02-11 22:02:40', 6, 9, 0, NULL, 1),
(18, 'Первый комментарий вау', '2017-02-11 22:45:02', 1, 8, 0, NULL, 1),
(19, 'Последний', '2017-02-12 00:34:55', 1, 9, 0, NULL, 1),
(20, 'или нет', '2017-02-12 00:35:25', 1, 9, 0, NULL, 1),
(21, 'первый ответ', '2017-02-12 14:40:18', 1, 9, 10, 12, 1),
(23, 'good', '2017-02-12 15:01:42', 1, 9, 0, 12, 1),
(24, '!!!', '2017-02-12 15:02:33', 1, 9, 0, 13, 1),
(25, 'Що нарешті?', '2017-02-12 15:03:12', 1, 9, 0, 15, 1),
(26, 'Молодец', '2017-02-12 15:03:55', 1, 41, 2, NULL, 1),
(48, 'Дочерний к 42', '2017-02-12 18:00:41', 1, 41, 0, 26, 1),
(52, 'Отвечаю 15', '2017-02-12 19:17:28', 1, 9, 0, NULL, 1),
(53, 'Ответ 12', '2017-02-12 19:17:56', 1, 9, 0, 12, 1),
(54, 'Ответ26', '2017-02-12 19:38:01', 1, 41, 2, 26, 1),
(55, 'очень жаль(', '2017-02-12 21:29:56', 2, 56, 1, NULL, 1),
(56, 'лілідф', '2017-02-12 21:31:49', 2, 9, 0, 13, 1),
(58, 'Очень крутые', '2017-02-13 12:06:03', 4, 95, 0, NULL, 1),
(59, 'Ага', '2017-02-13 12:06:47', 4, 95, 0, 58, 1);

-- --------------------------------------------------------

--
-- Структура таблиці `posts`
--

CREATE TABLE `posts` (
  `id` int(11) NOT NULL,
  `title` varchar(100) NOT NULL,
  `post` text NOT NULL,
  `date` datetime NOT NULL DEFAULT CURRENT_TIMESTAMP,
  `views` int(11) NOT NULL DEFAULT '0',
  `category` int(11) DEFAULT NULL,
  `analitics` int(11) NOT NULL,
  `picture` varchar(200) NOT NULL,
  `tag` text NOT NULL
) ENGINE=InnoDB DEFAULT CHARSET=utf8;

--
-- Дамп даних таблиці `posts`
--

INSERT INTO `posts` (`id`, `title`, `post`, `date`, `views`, `category`, `analitics`, `picture`, `tag`) VALUES
(1, 'В Германии анонсировали переговоры в нормандском формате', 'Переговоры министров иностранных дел нормандской четверки о перемирии в Донбассе могут состояться на следующей неделе в Бонне. Об этом сказал уполномоченный правительства ФРГ по вопросам сотрудничества с Россией Гернот Эрлер, сообщает DW.\r\n\r\nПо словам Эрлера, тема поддержания режима прекращения огня в Донбассе будет обсуждаться на переговорах министров иностранных дел стран нормандской четверки (Россия, Украина, Франция, ФРГ), которая состоится в рамках встречи Большой двадцатки в Бонне.\r\n\r\n"Заключенные два года назад минские договоренности остаются вполне приемлемыми, однако, к сожалению, не хватает воли для их выполнения", - сказал Эрлер.\r\n\r\nТу ситуацию в Донбассе, которая отмечается сейчас, Эрлер назвал "удручающей", напомнив, что минские соглашения были подписаны еще два года назад, но до сих пор не удалось достичь того, чтобы пушки молчали, а все 13 пунктов соглашений были выполнены.\r\n\r\n"Вместе с тем боевые действия постоянно возникают с новой силой и завершаются взаимными обвинениями сторон", - подчеркнул Эрлер.\r\n\r\nОсобого прогресса, по мнению политика, нет и в вопросе выработки новой "дорожной карты", по которой существует принципиальная договоренность между сторонами, и которая имеет конкретизировать процесс выполнения каждого из 13 пунктов минских соглашений.\r\n\r\n"Но и здесь до сих пор не удалось достичь прорыва", - сказал он и добавил, что украинской и российской стороне не хватает политической воли на самом высоком уровне для полного выполнения подписанных ими же договоренностей.\r\n\r\n"Это как рефлекс - каждый раз, как обостряется ситуация, восстанавливается политический процесс, и политические советники от каждой из сторон снова собираются в нормандском формате", - добавил он.\r\n\r\nПо его словам, следующим шагом становится то, что встречаются министры иностранных дел, а в конечном итоге может состояться встреча между тремя президентами и канцлером ФРГ Ангелой Меркель. "Мы уже не раз были свидетелями этого механизма ", - отметил Эрлер.\r\n\r\nЭрлер считает, что в ЕС консенсус относительно продолжения санкций против РФ и в дальнейшем сохраняется.\r\n\r\n5 декабря старший научный сотрудник программы по изучению России и Евразии Королевского института международных отношений Джеймс Шерр заявил, что на переговорах в рамках нормадского формата Российская Федерация пытается потопить дискуссию и перекроить ее в свою пользу.', '2017-02-08 15:48:16', 0, 1, 0, 'http://facepla.net/images/stories2/681/politics/vetr_2.jpg', 'германия, украина'),
(2, 'От массового закрытия ФЛП бюджет ничего не потерял - Рева', 'Массовое прекращение деятельности физических лиц-предпринимателей не имело негативного влияния на бюджет. Об этом заявил министр социальной политики Андрей Рева в эфире Радио Свобода. \nПо его словам, 129 тысяч отказались платить единый социальный взнос и закрыли предпринимательскую деятельность. \n"На самом деле закрываются те физические лица-предприниматели, которые не вели предпринимательскую деятельность и не платили налоги. Им с 1 января предложили каждый месяц платить не налог, а единый социальный взнос, чтобы у них шел пенсионный стаж", - пояснил Рева.  \nМинистр уверяет, что бюджет ничего не потерял, как и люди, которые закрыли ФЛП, поскольку они ничего не зарабатывали и ничего не платили.  \nИз числа ФЛП, которые вели активную предпринимательскую деятельность, закрылись около 16,4 тысяч и открылись 28 тысяч.Массовое прекращение деятельности физических лиц-предпринимателей не имело негативного влияния на бюджет. Об этом заявил министр социальной политики Андрей Рева в эфире Радио Свобода. \nПо его словам, 129 тысяч отказались платить единый социальный взнос и закрыли предпринимательскую деятельность. \n"На самом деле закрываются те физические лица-предприниматели, которые не вели предпринимательскую деятельность и не платили налоги. Им с 1 января предложили каждый месяц платить не налог, а единый социальный взнос, чтобы у них шел пенсионный стаж", - пояснил Рева.  \nМинистр уверяет, что бюджет ничего не потерял, как и люди, которые закрыли ФЛП, поскольку они ничего не зарабатывали и ничего не платили.  \nИз числа ФЛП, которые вели активную предпринимательскую деятельность, закрылись около 16,4 тысяч и открылись 28 тысяч.Массовое прекращение деятельности физических лиц-предпринимателей не имело негативного влияния на бюджет. Об этом заявил министр социальной политики Андрей Рева в эфире Радио Свобода. \nПо его словам, 129 тысяч отказались платить единый социальный взнос и закрыли предпринимательскую деятельность. \n"На самом деле закрываются те физические лица-предприниматели, которые не вели предпринимательскую деятельность и не платили налоги. Им с 1 января предложили каждый месяц платить не налог, а единый социальный взнос, чтобы у них шел пенсионный стаж", - пояснил Рева.  \nМинистр уверяет, что бюджет ничего не потерял, как и люди, которые закрыли ФЛП, поскольку они ничего не зарабатывали и ничего не платили.  \nИз числа ФЛП, которые вели активную предпринимательскую деятельность, закрылись около 16,4 тысяч и открылись 28 тысяч.', '2017-02-08 15:48:58', 227, 1, 1, 'http://www.ehu.lt/uploads/files/sizes/628x0/programme/Pleniere_515545556977d.JPG', 'бюджет'),
(3, 'Дуда и Меркель против прежних контактов с РФ до решения конфликта', 'Польша и Германия согласны, что невозможно вернуться к политике "business as usual" в отношениях с Россией, пока не будет решен конфликт в Украине и восстановлен международный порядок. Об этом по итогам переговоров президента Польши Анджея Дуды и канцлера Германии Ангелы Меркель сообщили в канцелярии Дуды, передает Укринформ.  \r\nГлавы стран согласились, что Европа должна вести переговоры с США в ключе "сохранения главной линии" относительно Украины. При этом они отметили, что ситуация в Донбассе идет в сторону ухудшения, а не улучшения мирного процесса.  \r\n"Как президент, так и канцлер отметили, что нельзя соглашаться на длительную оккупацию суверенного государства. Нельзя соглашаться на переход к нормальным контактам “business as usual” (с Россией - ред.) после того, что произошло в Украине, пока этот конфликт не будет решен и не будет восстановлен международный порядок в Украине, которая опирается на международное право", - заявляют в канцелярии Польши.', '2017-02-08 15:51:42', 10, 1, 0, 'http://expoandwomen.com/wp-content/uploads/2015/08/747fd5fce260a0b5ec7e1fac6ac09b34-big-800x4451.jpg', 'меркель'),
(4, 'Сближение США и РФ должно быть не за счет Украины - МИД Германии', 'Нужно надеяться, что США и Россия достигнут договоренности, но только не за счет Украины или Европы. Об этом сказал глава МИД Германии Зигмар Габриэль после визита в США, передает Deutsche Welle. \r\n"Но если будет снижение напряженности между этими двумя мировыми государствами, то это будет хорошо для развития события в Сирии, для развития событий в Украине", - отметил Габриэль.  \r\nГлава немецкого МИД считает, что администрация Дональда Трампа пока в поиске собственной стратегии относительно России.  \r\n"Для нас, немцев и европейцев, все ясно: мы не можем терпеть, что одна страна в Европе изменяет границы, как это сделала Россия. (..) Американцы видят это точно так же", - сказал Габриэль. \r\nКомментируя ситуацию в Авдеевке, он выразил мнение, что за эскалацию несут ответственность обе стороны конфликта. \r\n\r\nВице-президент США Майк Пенс ранее сказал, что снятие санкций США с России зависит от дальнейшей позиции РФ и возможности двух стран работать на общие интересы - борьбу с террористической группировкой Исламское государство.', '2017-02-08 15:54:12', 0, 1, 0, 'https://i.ytimg.com/vi/HiqhRpY2Ku4/maxresdefault.jpg', 'сша'),
(5, 'Ляшко заявил об аннулировании его 10-летней визы в США', 'Народный депутат Олег Ляшко заявил об аннулировании его визы в США. Об этом он написал в своем Facebook.\r\n\r\n"Только что мне аннулировали 10-летнюю американскую визу, которую я получил перед Новым годом", - написал депутат.\r\n\r\nЛяшко связал это решение со своими "требованиями к США выполнять свои обязательства перед Украиной по Будапештскому меморандуму".\r\n\r\nВ пресс-службе посольства США в Украине корреспонденту ЛІГА.net сказали, что не комментируют вопросы виз отдельным гражданам в связи с требованиями американского законодательства. Вместе с тем в посольстве отметили, что, если им удастся подтвердить авторство этого заявления (Facebook не является надежным источником), то, возможно, они смогут на него отреагировать. ', '2017-02-08 15:55:28', 0, 1, 0, 'https://encrypted-tbn1.gstatic.com/images?q=tbn:ANd9GcT26JuBejfJeYKpwTtunhRo99_4lllE2I37j1jaHRUie8qJ8Cw9YA', 'сша, ляшко'),
(6, 'В Германии анонсировали переговоры в нормандском формате', 'Переговоры министров иностранных дел нормандской четверки о перемирии в Донбассе могут состояться на следующей неделе в Бонне. Об этом сказал уполномоченный правительства ФРГ по вопросам сотрудничества с Россией Гернот Эрлер, сообщает DW.\r\n\r\nПо словам Эрлера, тема поддержания режима прекращения огня в Донбассе будет обсуждаться на переговорах министров иностранных дел стран нормандской четверки (Россия, Украина, Франция, ФРГ), которая состоится в рамках встречи Большой двадцатки в Бонне.\r\n\r\n"Заключенные два года назад минские договоренности остаются вполне приемлемыми, однако, к сожалению, не хватает воли для их выполнения", - сказал Эрлер.\r\n\r\nТу ситуацию в Донбассе, которая отмечается сейчас, Эрлер назвал "удручающей", напомнив, что минские соглашения были подписаны еще два года назад, но до сих пор не удалось достичь того, чтобы пушки молчали, а все 13 пунктов соглашений были выполнены.\r\n\r\n"Вместе с тем боевые действия постоянно возникают с новой силой и завершаются взаимными обвинениями сторон", - подчеркнул Эрлер.\r\n\r\nОсобого прогресса, по мнению политика, нет и в вопросе выработки новой "дорожной карты", по которой существует принципиальная договоренность между сторонами, и которая имеет конкретизировать процесс выполнения каждого из 13 пунктов минских соглашений.\r\n\r\n"Но и здесь до сих пор не удалось достичь прорыва", - сказал он и добавил, что украинской и российской стороне не хватает политической воли на самом высоком уровне для полного выполнения подписанных ими же договоренностей.\r\n\r\n"Это как рефлекс - каждый раз, как обостряется ситуация, восстанавливается политический процесс, и политические советники от каждой из сторон снова собираются в нормандском формате", - добавил он.\r\n\r\nПо его словам, следующим шагом становится то, что встречаются министры иностранных дел, а в конечном итоге может состояться встреча между тремя президентами и канцлером ФРГ Ангелой Меркель. "Мы уже не раз были свидетелями этого механизма ", - отметил Эрлер.\r\n\r\nЭрлер считает, что в ЕС консенсус относительно продолжения санкций против РФ и в дальнейшем сохраняется.\r\n\r\n5 декабря старший научный сотрудник программы по изучению России и Евразии Королевского института международных отношений Джеймс Шерр заявил, что на переговорах в рамках нормадского формата Российская Федерация пытается потопить дискуссию и перекроить ее в свою пользу.', '2017-02-08 16:48:16', 0, 1, 0, 'http://facepla.net/images/stories2/681/politics/vetr_2.jpg', 'переговоры, министры'),
(7, 'От массового закрытия ФЛП бюджет ничего не потерял - Рева', 'Массовое прекращение деятельности физических лиц-предпринимателей не имело негативного влияния на бюджет. Об этом заявил министр социальной политики Андрей Рева в эфире Радио Свобода. \r\nПо его словам, 129 тысяч отказались платить единый социальный взнос и закрыли предпринимательскую деятельность. \r\n"На самом деле закрываются те физические лица-предприниматели, которые не вели предпринимательскую деятельность и не платили налоги. Им с 1 января предложили каждый месяц платить не налог, а единый социальный взнос, чтобы у них шел пенсионный стаж", - пояснил Рева.  \r\nМинистр уверяет, что бюджет ничего не потерял, как и люди, которые закрыли ФЛП, поскольку они ничего не зарабатывали и ничего не платили.  \r\nИз числа ФЛП, которые вели активную предпринимательскую деятельность, закрылись около 16,4 тысяч и открылись 28 тысяч.', '2017-02-08 17:00:00', 0, 1, 0, 'https://encrypted-tbn1.gstatic.com/images?q=tbn:ANd9GcT26JuBejfJeYKpwTtunhRo99_4lllE2I37j1jaHRUie8qJ8Cw9YA', 'бюджет'),
(8, 'Дуда и Меркель против прежних контактов с РФ до решения конфликта', 'Польша и Германия согласны, что невозможно вернуться к политике "business as usual" в отношениях с Россией, пока не будет решен конфликт в Украине и восстановлен международный порядок. Об этом по итогам переговоров президента Польши Анджея Дуды и канцлера Германии Ангелы Меркель сообщили в канцелярии Дуды, передает Укринформ.  \r\nГлавы стран согласились, что Европа должна вести переговоры с США в ключе "сохранения главной линии" относительно Украины. При этом они отметили, что ситуация в Донбассе идет в сторону ухудшения, а не улучшения мирного процесса.  \r\n"Как президент, так и канцлер отметили, что нельзя соглашаться на длительную оккупацию суверенного государства. Нельзя соглашаться на переход к нормальным контактам “business as usual” (с Россией - ред.) после того, что произошло в Украине, пока этот конфликт не будет решен и не будет восстановлен международный порядок в Украине, которая опирается на международное право", - заявляют в канцелярии Польши.', '2017-02-08 17:51:42', 3, 1, 0, 'https://i.ytimg.com/vi/HiqhRpY2Ku4/maxresdefault.jpg', 'польша, германия'),
(9, 'Сближение США и РФ должно быть не за счет Украины - МИД Германии', 'Нужно надеяться, что США и Россия достигнут договоренности, но только не за счет Украины или Европы. Об этом сказал глава МИД Германии Зигмар Габриэль после визита в США, передает Deutsche Welle. \r\n"Но если будет снижение напряженности между этими двумя мировыми государствами, то это будет хорошо для развития события в Сирии, для развития событий в Украине", - отметил Габриэль.  \r\nГлава немецкого МИД считает, что администрация Дональда Трампа пока в поиске собственной стратегии относительно России.  \r\n"Для нас, немцев и европейцев, все ясно: мы не можем терпеть, что одна страна в Европе изменяет границы, как это сделала Россия. (..) Американцы видят это точно так же", - сказал Габриэль. \r\nКомментируя ситуацию в Авдеевке, он выразил мнение, что за эскалацию несут ответственность обе стороны конфликта. \r\n\r\nВице-президент США Майк Пенс ранее сказал, что снятие санкций США с России зависит от дальнейшей позиции РФ и возможности двух стран работать на общие интересы - борьбу с террористической группировкой Исламское государство.', '2017-02-09 17:54:12', 9, 1, 0, 'https://i.ytimg.com/vi/HiqhRpY2Ku4/maxresdefault.jpg', 'сша, россия'),
(21, 'Украинский стартап в сфере моды удачно запустился на Kickstarter', 'Весной 2016 г. украинская команда представила первый отечественный технологический стартап в сфере моды - кулон SenStone, который можно использовать для преобразования голосовых заметок в текст. 7 февраля кулон запустился на Kickstarter, ресурсе для финансирования творческих проектов по схеме краундфандинга. сообщает AIN.\r\n\r\nЗаявленая цель создателей SenStone - собрать $50 тыс., причем менее чем за сутки уже было собрано свыше $35 тыс., а до завершения кампании осталось еще 37 дней.\r\n\r\nНазара Федорчука, автор идеи SenStone заявил, что кулон будут производить скорее всего в Азии. "Мы ведем переговоры с заводами в этой части мира, в основном по экономическим причинам. Основная разработка продукта проводится в Украине", - рассказал он.\r\n\r\nНа сегодня стартап уже завершил работу над прототипом, разослал 12 образцов гаджетов на обзоры журналистам из США и Британии. "Устройство готово к производству, сбор средств проводим для изготовления первой партии", - рассказывает Федорчук.\r\n\r\nПервые поставки запланированы на июль 2017 г. Розничная цена базовой комплектации устройства составит $145. Бекеры на Kickstarter традиционно получат скидки (те, кто поддержит проект суммой в $120 или больше).\r\n\r\nSenStone диаметром 2,9 мм и весом 26 г делает заметки в один клик, на ходу переводит в текст и сортирует по паттернам и темам (например, дневник, блог туриста, записки с конференций и т.п.), которые создает пользователь. Он умеет распознавать 7 языков, держит заряд до 3 дней. Работает с движком Nuance.\r\n\r\nДля записи лучше всего держать кулон в непосредственной близости от рта (около 20 см), поэтому лучше не носить его на руке. К устройству прилагается и приложение, которое позволит читать записи, прослушивать их, систематизировать по тегам и т.д.\r\n\r\nРанее сообщалось, что Гонконгская финтех компания Credit China Fintech Holdings вложила $30 млн в компанию с украинскими корнями BitFury, которая занимается производством оборудования для майнинга криптовалют.', '2017-02-08 16:00:13', 0, 2, 0, 'https://www.pdaa.edu.ua/sites/default/files/node/96/59470384.jpg', 'стартап'),
(22, 'Глаза разбегаются. Каким будет рост цен в Украине', 'Инфляционные цели НБУ не совпадают с его же прогнозами. Что это значит?\r\nВ конце января Национальный банк обновил прогноз роста индекса потребительских цен (ИПЦ) в 2017 году, установив его на уровне 9,1%. При этом целевой показатель инфляции на конец 2017-го, согласно Основным принципам денежно-кредитной политики,  составляет 8% +/- 2 п.п. В чем разница между этими показателями? На какой из них ориентироваться бизнесу и населению?\r\n\r\nВ условиях режима инфляционного таргетирования, введенного НБУ, цели по инфляции - ключевые и фактически единственные количественные ориентиры для проведения монетарной политики. Они устанавливаются заранее и не подлежат механической корректировке в случае изменений во внешнеэкономической среде или внутренних макроэкономических процессах.\r\n\r\nПрогнозы по инфляции, в свою очередь, могут корректироваться хоть каждый день. Все зависит от того, как меняются мировые цены, себестоимость продукции, обменный курс и пр. Эти факторы, а также предположения об их будущей динамике и степени их влияния на рост цен, Нацбанк объединяет в своем инфляционном прогнозе.\r\n\r\nТак должны ли совпадать цели и прогнозы по инфляции центрального банка в условиях режима инфляционного таргетирования? Да. Обязательно - в среднесрочной перспективе, и необязательно - в краткосрочной. Поэтому прогноз НБУ по инфляции все равно сблизится с ее целевым уровнем.\r\n\r\nНа инфляцию, кроме денежно-кредитной политики, влияют различные факторы. Далеко не всегда центробанк может быстро нивелировать негативные эффекты при помощи монетарных инструментов, не ущемляя при этом экономический рост или другие финансовые показатели. Чтобы привести прогноз по инфляции к целевому показателю, требуется время. Этот временной промежуток называется горизонтом монетарной политики.\r\n\r\nЗачем тогда вообще нужен этот прогноз по инфляции?\r\n\r\nВ условиях режима  инфляционного таргетирования НБУ достигает своих целей не напрямую (с помощью обменного курса или предложения денег), а опосредованно - через регулирование стоимости денег. Нацбанк, меняя свои процентные ставки, определяет стоимость гривны на межбанковском кредитном рынке. Цена гривневого ресурса затем отражается в ставках кредитов и депозитов, а также других финансовых активов, в том числе иностранной валюты.\r\n\r\nВ конечном итоге изменение центральным банком своей ключевой процентной ставки через различные каналы влияет на стоимость потребительской корзины. Но, учитывая временной лаг при переносе эффекта процентной ставки на инфляцию, ключевой элемент для монетарной политики - это инфляционный прогноз. Монетарные инструменты меняются вслед за ожиданиями наиболее вероятной инфляционной динамики.\r\n\r\nЕсли центральный банк прогнозирует, что инфляция будет выше целевого показателя, то при прочих равных условиях он должен повысить свою процентную ставку уже сейчас. Но, изменяя процентную ставку сейчас, центральный банк изменяет и будущие условия функционирования экономики, следовательно - и прогноз инфляции. Как правило, такие прогнозы базируются на наиболее вероятной реакции каждого экономического агента на определенные события или шоки.\r\n\r\nСколько времени потребуется, чтобы сблизить инфляционные цели с прогнозом?\r\n\r\nИзменения монетарных инструментов приводят к волатильности финансовых и макроэкономических показателей, которые центральный банк тоже хотел бы минимизировать. Ведь такие колебания будут иметь негативные последствия для граждан. А это противоречит главной цели центрального банка - максимизации благосостояния граждан путем обеспечения ценовой стабильности.\r\n\r\nВремя, в течение которого инфляция возвращается к целевому показателю, зависит от различных обстоятельств. Стандартный для развитых стран горизонт составляет 18-24 месяца. На более волатильных развивающихся рынках он может быть меньше - 12-18 месяцев. Такой временной лаг релевантен и для Национального банка Украины.\r\n\r\nВ реальности период, за который центральные банки возвращают инфляцию к целевому уровню, зависит от природы, величины и устойчивости шоков. В этом и заключается одно из ключевых преимуществ инфляционного таргетирования - это гибкий режим, позволяющий учесть потенциальные последствия принятых решений и выбирать оптимальную альтернативу в данный момент времени.\r\n\r\nЦентральный банк может пожертвовать достижением инфляционных целей в течение определенного периода времени, если такие действия приведут к лучшим последствиям для финансовой, экономической и ценовой стабильности в более длительной перспективе.\r\n\r\nПростой пример. Подорожание энергоносителей (важной составляющей импорта и потребительской корзины) в Украине обычно приводит к ослаблению обменного курса, росту цен и ухудшению экономической активности. В таких случаях центральные банки очень осторожно реагируют на повышение инфляции, чтобы еще больше не загнать экономику в рецессию. Основная задача - не дать "раскрутиться" среднесрочным инфляционным ожиданиям. А для этого не требуется моментальное поднятие процентных ставок.', '2017-02-08 16:01:03', 1, 2, 0, 'http://online-institut.ru/content/10//cource/1/content/fotolia_52486650_m.jpg', 'цены'),
(23, 'Bank of America открыл три отделения без персонала', 'Bank of America открыл уже три полностью автоматизированных отделения, где нет персонала. Как сообщает Reuters, в этих отделениях можно получить ипотеку, кредит на автомобиль или оформить кредитную карту.\r\n\r\nПредставитель BofA Энн Пейс отметила, что клиентам также будут помогать в случае необходимости сотрудники других отделений посредством видеосвязи.\r\n\r\nBank of America решил заняться такими отделениями с целью оптимизации расходов. Размер новых офисов, открытых в Миннеаполисе и Денвере, составляет примерно четверть обычного филиала с персоналом.\r\n\r\nРанее стало известно, что Государственный банк Индии (State Bank of India, SBI) в ближайшие полгода запустит первый в стране полностью цифровой банк - SBI Digi Bank. \r\n\r\nSBI работает над созданием банка, где ни один сотрудник не будет взаимодействовать клиентом вживую, а транзакции будет осуществляться посредством мобильных приложений и интернет-банкинга.', '2017-02-08 16:02:08', 9, 2, 0, 'http://hron.com.ua/wp-content/uploads/2013/10/ecoomy-4.jpg', 'банки'),
(24, 'Рост ВВП Украины ускорился до 4,8% в IV квартале 2016 года', 'В четвертом квартале 2016 г. рост ВВП Украины составил 4,5%-4,8% по сравнению с аналогичным периодом 2015 г. Об этом сегодня, 8 февраля во время заседания Кабинета министров Украины заявил председатель Государственной службы статистики Украины Игорь Вернер.\r\n\r\n"На основе данных разных отраслей, можно говорить об ускорении роста ВВП в четвёртом квартале 2016 года - ориентировочный рост, по сравнению с четвёртым кварталом 2015 года, составляет от 4,5% до 4,8 %. В третьем квартале 2016 года ВВП вырос на 2%", - сказал он.\r\n\r\nВернер также отметил, что за 2016 г. средняя зарплата в Украине выросла на 9%, а в декабре 2016 г., по сравнению с показателями декабря 2015-го - на 11,6 %.\r\n\r\nВ целом, по словам Вернера, итоги года свидетельствуют о тенденции роста экономики.\r\n\r\nНапомним, ранее глава Госстата заявил о том, что в 2016 г. экспорт товаров из Украины в Россию сократился более чем на 27%.', '2017-02-08 16:05:13', 0, 2, 0, 'http://farmaforall.ru/wp-content/uploads/2014/02/Ekonomika.jpg', 'ввп'),
(25, 'Газовый выхлоп. Почему частные компании не увеличат добычу', 'В конце прошлого года собственники частных газодобывающих компаний допустили серьезную оплошность. Газовые лоббисты не сумели простимулировать депутатов Верховной Рады при внесении изменений в Налоговый кодекс. Как следствие, у народных избранников просто не нашлось причин голосовать за снижение ренты на добычу газа с 29 до 12% (для новых скважин), на чем настаивали газовики.\r\n\r\nЭта ошибка дорого им обойдется. По итогам прошлого года частные компании показали самый низкий прирост добычи за последние пять лет. По данным Минэнерго, производство газа частниками выросло всего на 5,8%, или на 223 млн кубометров (без учета Укрнафты и Карпатыгаза). Это на 320 млн кубометров меньше, чем за 2015 год.\r\n\r\nДоля независимых компаний в общем объеме добычи сохранилась на уровне 20%, тогда как с 2012 года этот показатель стремительно рос. Уже по итогам января этого года, по данным Минэнерго, частные компании ушли в минус. Впервые с 2012-го месячная добыча газа в частном секторе снизилась на 70 млн, до 349 млн кубометров, по сравнению с январем 2016 года.\r\n\r\nПочему в новом году не стоит ждать серьезного роста добычи газа частниками?\r\n\r\nЧастный газодобывающий сектор был основным фактором сохранения общего производства газа в Украине. Пока государственная добыча стагнировала, независимые компании наращивали показатели в течение последних пяти лет.\r\n\r\nЕсли в 2012 году на долю частников приходилось 8% газодобычи в стране (1,9 млрд кубометров), то в 2015-м их доля составила 20% (3,9 млрд). К примеру, показатели государственной Укргаздобычи (75% рынка добычи) за этот период упали на 3% - до 14,5 млрд кубометров.\r\n\r\nИтоги минувшего года показывают, что этап бурного роста частной газодобычи завершился. За 2016 год независимые компании (без Укрнафты и структур, работающих по договорам о совместной деятельности - ДСД) нарастили производство на 5,8% (223 млн кубометров), до 4,1 млрд. Это значительно меньше, чем в 2015-м, - рост на 16%, или 550 млн кубометров. Учитывая, что прошлый год был високосным (один лишний день в феврале), показатели роста будут еще ниже.\r\n\r\nВ газодобывающий бизнес в прошлом году не пришел ни один крупный инвестор. А 80% существующей частной газодобычи контролируют политики или бизнесмены, так или иначе связанные с политикой. Государство в свою очередь не сделало ничего, чтобы привлечь реальных иностранных инвесторов к разработке украинских месторождений нефти и газа.', '2017-02-08 16:06:21', 5, 2, 1, 'http://b1.vestifinance.ru/c/187485.640x320.jpg', 'цены'),
(26, 'СУПЕРпредложение на аренду офисов на Печерске ', 'В современном мире большую часть времени успешный человек проводит на работе. Не удивительно, что для большинства офис стал практически домом. Именно поэтому к выбору нового офиса нужно отнестись не менее серьезно, чем к поиску жилья. \r\n\r\n\r\n\r\nПредлагаем новый дом для вашей компании/фирмы! Сдаем в аренду офисные помещения со свежим ремонтом в новом престижном бизнес-центре в сердце столицы - всего 50 м. от м. Печерская!\r\nК вашим услугам развитая инфраструктура, свободная планировка от 200 м.кв. до 3000 м.кв. и круглосуточная охрана офисного центра. Имеется большой выбор помещений разного размера (или метража).\r\n\r\nИ кто сказал, что соседей не выбирают? Дипломатические представительства, международные организации - будьте лучшими возле лучших.\r\n\r\nСпецпредложение действует до 14.02.2017 года.', '2017-02-08 16:05:27', 0, 2, 0, 'http://economic-basic.ru/images/stories/images01/title.jpg', 'реклама'),
(27, 'Рост ВВП Украины ускорился до 4,8% в IV квартале 2016 года', 'В четвертом квартале 2016 г. рост ВВП Украины составил 4,5%-4,8% по сравнению с аналогичным периодом 2015 г. Об этом сегодня, 8 февраля во время заседания Кабинета министров Украины заявил председатель Государственной службы статистики Украины Игорь Вернер.\r\n\r\n"На основе данных разных отраслей, можно говорить об ускорении роста ВВП в четвёртом квартале 2016 года - ориентировочный рост, по сравнению с четвёртым кварталом 2015 года, составляет от 4,5% до 4,8 %. В третьем квартале 2016 года ВВП вырос на 2%", - сказал он.\r\n\r\nВернер также отметил, что за 2016 г. средняя зарплата в Украине выросла на 9%, а в декабре 2016 г., по сравнению с показателями декабря 2015-го - на 11,6 %.\r\n\r\nВ целом, по словам Вернера, итоги года свидетельствуют о тенденции роста экономики.\r\n\r\nНапомним, ранее глава Госстата заявил о том, что в 2016 г. экспорт товаров из Украины в Россию сократился более чем на 27%.', '2017-02-07 16:03:13', 0, 2, 0, 'https://edx.prometheus.org.ua/c4x/NaUKMA/103/asset/ec_01.png', 'украина'),
(30, 'В Чехии требуют упростить въезд для работы украинцам', 'Чешские работодатели призвали правительство в Праге упростить процедуру найма рабочей силы из Украины. Об этом сообщает DW.\r\n\r\nОткрытое письмо с таким призывом в адрес премьер-министра страны Богуслава Соботки направили Союз работодателей Чехии, Торгово-промышленная палата Чешской Республики и Конфедерация чешской промышленности.\r\n\r\n"Местный рынок труда не может предложить достаточного количества квалифицированных кадров ни среди безработных, ни среди недавних выпускников, поэтому работодатели вынуждены искать работников за рубежом", - отмечается в письме.\r\n\r\nУровень безработицы в Чехии - один из самых низких в Евросоюзе, государственную помощь из-за потери работы получают 360 тысяч человек. Несмотря на это, в стране 132 тысячи открытых вакансий, главным образом речь идет о сфере IТ, строительства, промышленности, электроники, авто- и машиностроения. \r\n\r\n23 января сообщалось, что в 2016 году Польша выдала для граждан Украины около 1,3 млн приглашений на временную работу.', '2017-02-10 17:52:08', 0, NULL, 0, 'http://telegraf.com.ua/files/2014/09/Mir.jpg', 'чехия'),
(31, 'США хотят обязать сообщать пароли к соцсетям при въезде в страну', 'Не исключено, что США начнут спрашивать у лиц, въезжающих в страну, их пароли к социальным сетям с целью усиления контроля над прибывающими, заявил Министр национальной безопасности США Джон Келли. Об этом сообщает Deutsche Welle.\r\n\r\nКелли утверждает, что такой шаг поможет выявлять лиц, которые, вероятно, угрожают безопасности страны, передает издание. По словам министра, соответствующую функцию по сбору данных, возможно, возьмут на себя американские посольства в странах, где будут выдаваться визы и разрешения на въезд. В первую очередь, нововведения затронет граждан семи стран, по которым американский президент Дональд Трамп ранее подписал миграционный указ.\r\n\r\n"Слишком сложно обеспечить надежную проверку людей в этих странах. Если они въезжают (в США, - ред.), Мы хотим их спросить, какие сайты они посещают, и спросить пароли. Таким образом, мы сможем понять, что люди делают в интернете ", - отметил Джон Келли.\r\n\r\nОн добавил, что тем, кто откажется от предоставления информации может быть отказано в разрешении на въезд. \r\nНо издание отмечает, что пока речь не идет об официальных правительственных инициативах.\r\n\r\n28 января 2017 года Трамп подписал указ, которым ограничил иммиграцию беженцев из мусульманских стран. Действие указа сейчас оспаривается в судебном порядке.\r\n\r\n6 февраля Министерство национальной безопасности США получило от президента Дональда Трампа указание "очень тщательно" проверять всех, кто въезжает в страну. ', '2017-02-08 16:09:53', 0, NULL, 1, 'http://fb.ru/misc/i/gallery/17625/427054.jpg', 'сша'),
(32, 'В Пакистане произошло землетрясение силой 6,3 балла', 'В Пакистане произошло землетрясение магнитудой 6,3 балла. Об этом сообщает Геологическая служба США. \r\nСообщений о разрушениях пока нет. \r\n\r\nЗемлетрясение произошло между портом Гвадар, которым управляет Китай, и пакистанским городом Пасни с населением 400 тыс человек. \r\nЭпицентр был за 90 км от города Турбат на глубине 10 км.  \r\nВ 2013 году жертвами землетрясения в Пакистане стали более 1200 человек.', '2017-02-08 16:09:53', 0, NULL, 0, 'http://st03.kakprosto.ru//images/article/2011/11/6/1_525518a58f2d5525518a58f314.jpg', 'землетрясение'),
(33, 'Стюардесса спасла девочку от торговца людьми с помощью записки', 'Стюардесса авиакомпании Alaska Airlines спасла девочку от торговца людьми, благодаря записке, оставленной в туалете самолета, передает Би-би-си.\r\n\r\nШелиа Федрик рассказала журналистам, что забеспокоилась сразу, когда увидела в самолете растрепанную девочку рядом с хорошо одетым мужчиной.\r\n\r\nПодросток выглядел так, "как будто она прошла через кромешный ад", рассказала стюардесса Эн-би-си, а мужчина не позволил ей поговорить с девочкой.\r\n\r\nТогда Федрик незаметно подала знак, чтобы девочка шла в туалет, где ее ждала записка на зеркале. На этой же записке девочка написала, что ей нужна помощь.\r\n\r\nОказалось, что подросток стал жертвой торговцев людьми. Федрик сообщила о произошедшем пилоту, и он смог заранее предупредить полицию.\r\n\r\nИнцидент, произошедший в 2011 году на рейсе компании Alaska Airlines, был обнародован в СМИ на этой неделе, в то время как благотворительная организация Airline Ambassadors начала кампанию по обучению членов экипажа борьбе с торговлей людьми.\r\n\r\nНа сайте Airline Ambassadors говорится, что жертвы могут казаться испуганными рядом с людьми в униформе, не знать конечной цели путешествия. Они также могут отвечать заготовленными фразами и быть одетыми неподобающе для места прибытия.\r\n\r\nЗлоумышленники могут пытаться отвечать на вопросы вместо своих жертв, а также не знать их личных данных.\r\n\r\nСейчас спасенная девочка уже учится в колледже и по-прежнему поддерживает связь со стюардессой, сообщает 10News.', '2017-02-09 18:10:53', 18, NULL, 1, 'http://fb.ru/misc/i/gallery/22249/478828.jpg', 'криминал'),
(34, 'Больницы Великобритании перестанут лечить приезжих без предоплаты', 'Британские государственные больницы, входящие в систему NHS (Национальная служба здравоохранения) с апреля будут юридически обязаны брать с приезжих из дальних стран деньги за несрочную медицинскую помощь, передает Би-би-си.\r\n\r\nТаким образом власти рассчитывают получать от приезжих пациентов больше денег. Сегодня больницы терпят убытки: система сбора денег с туристов, уже получивших медицинскую помощь, работает неэффективно, при этом многие больницы переполнены.\r\n\r\n"Мы не возражаем против того, чтобы люди, приехавшие издалека, пользовались нашей системой здравоохранения - пока они готовы честно вносить свою долю оплаты, как и британские налогоплательщики," - заявил министр здравоохранения Британии Джереми Хант, объявляя о соответствующих изменениях в законодательстве.\r\n\r\nСегодня в Британии больницы имеют право оказывать приезжим любую медицинскую помощь, позже выставляя им счета. Однако в последнее время СМИ и парламент отмечают, что эти счета мало кто оплачивает.\r\n\r\nТак, одно из подразделений национальной системы здравоохранения - Imperial College Trust - сообщает, что за прошлый год таким образом потратило на лечение приезжих 4 млн фунтов (почти $5 млн), из которых вернулось лишь 1,6 млн.\r\n\r\nУбытки по всей системе здравоохранения в целом власти оценивают в 500 млн фунтов (около $625 млн) в год - именно такую сумму правительство хочет вернуть с помощью новых правил.\r\n\r\nПоэтому, в соответствии со вступающими в силу в апреле правилами, без предоплаты помощь смогут получать только те пациенты, чья жизнь находится в опасности.', '2017-02-08 16:12:53', 0, NULL, 1, 'https://pp.vk.me/c608218/v608218855/4a5a/hsUkhJWem1c.jpg', 'британия'),
(35, 'В Украине появится антидопинговая лаборатория', 'В Украине появится антидопинговая лабораторияВ Украине появится антидопинговая лабораторияВ Украине появится антидопинговая лабораторияВ Украине появится антидопинговая лабораторияВ Украине появится антидопинговая лабораторияВ Украине появится антидопинговая лабораторияВ Украине появится антидопинговая лабораторияВ Украине появится антидопинговая лаборатория', '2017-02-08 16:14:30', 0, 4, 0, 'http://boxmir.com/images/shkola_boxa/razvitie/sport_zdorove/sport.jpg', 'спорт, допинг'),
(36, '	Российского боксера Поветкина исключили из рейтинга WBC', '	Российского боксера Поветкина исключили из рейтинга WBC	Российского боксера Поветкина исключили из рейтинга WBC	Российского боксера Поветкина исключили из рейтинга WBC	Российского боксера Поветкина исключили из рейтинга WBC	Российского боксера Поветкина исключили из рейтинга WBC	Российского боксера Поветкина исключили из рейтинга WBC	Российского боксера Поветкина исключили из рейтинга WBC	Российского боксера Поветкина исключили из рейтинга WBC	Российского боксера Поветкина исключили из рейтинга WBC', '2017-02-08 16:14:30', 0, 4, 0, 'http://wpapers.ru/wallpapers/Sport/10055/1920x1080_%D0%91%D0%BE%D0%BA%D1%81%D0%B5%D1%80.jpg', 'бокс'),
(37, 'Украинская теннисистка Свитолина выиграла первый турнир в сезоне', 'Украинская теннисистка Свитолина выиграла первый турнир в сезонеУкраинская теннисистка Свитолина выиграла первый турнир в сезонеУкраинская теннисистка Свитолина выиграла первый турнир в сезонеУкраинская теннисистка Свитолина выиграла первый турнир в сезонеУкраинская теннисистка Свитолина выиграла первый турнир в сезонеУкраинская теннисистка Свитолина выиграла первый турнир в сезонеУкраинская теннисистка Свитолина выиграла первый турнир в сезоне', '2017-02-08 16:19:32', 26, 4, 1, 'https://cdn.pixabay.com/photo/2012/11/01/05/25/tennis-63733_640.jpg', 'теннис'),
(38, 'Украинские фигуристы Назарова и Никитин победили на Универсиаде', 'Украинские фигуристы Назарова и Никитин победили на УниверсиадеУкраинские фигуристы Назарова и Никитин победили на УниверсиадеУкраинские фигуристы Назарова и Никитин победили на УниверсиадеУкраинские фигуристы Назарова и Никитин победили на УниверсиадеУкраинские фигуристы Назарова и Никитин победили на УниверсиадеУкраинские фигуристы Назарова и Никитин победили на УниверсиадеУкраинские фигуристы Назарова и Никитин победили на УниверсиадеУкраинские фигуристы Назарова и Никитин победили на УниверсиадеУкраинские фигуристы Назарова и Никитин победили на Универсиаде', '2017-02-07 16:19:32', 0, 4, 0, 'http://www.artap.ru/sport/sport1.jpg', 'фигурное катание'),
(39, '	Скандал в Испании: футболиста Зозулю вернули обратно в "Бетис"', '	Скандал в Испании: футболиста Зозулю вернули обратно в "Бетис"	Скандал в Испании: футболиста Зозулю вернули обратно в "Бетис"	Скандал в Испании: футболиста Зозулю вернули обратно в "Бетис"	Скандал в Испании: футболиста Зозулю вернули обратно в "Бетис"	Скандал в Испании: футболиста Зозулю вернули обратно в "Бетис"	Скандал в Испании: футболиста Зозулю вернули обратно в "Бетис"	Скандал в Испании: футболиста Зозулю вернули обратно в "Бетис"	Скандал в Испании: футболиста Зозулю вернули обратно в "Бетис"	Скандал в Испании: футболиста Зозулю вернули обратно в "Бетис"	Скандал в Испании: футболиста Зозулю вернули обратно в "Бетис"	Скандал в Испании: футболиста Зозулю вернули обратно в "Бетис"	Скандал в Испании: футболиста Зозулю вернули обратно в "Бетис"', '2017-02-08 16:20:09', 0, 4, 0, 'http://usiter.com/uploads/20111211/futbol+sport+futbol+sport+futbol+oboi++62911243246.jpg', 'футбол'),
(40, '	Сборная Украины проигнорировала гимн РФ на награждении', '	Сборная Украины проигнорировала гимн РФ на награждении: видео  	Сборная Украины проигнорировала гимн РФ на награждении: видео  	Сборная Украины проигнорировала гимн РФ на награждении: видео  	Сборная Украины проигнорировала гимн РФ на награждении: видео  	Сборная Украины проигнорировала гимн РФ на награждении: видео  	Сборная Украины проигнорировала гимн РФ на награждении: видео  	Сборная Украины проигнорировала гимн РФ на награждении: видео  	Сборная Украины проигнорировала гимн РФ на награждении: видео  	Сборная Украины проигнорировала гимн РФ на награждении: видео  	Сборная Украины проигнорировала гимн РФ на награждении: видео  	Сборная Украины проигнорировала гимн РФ на награждении: видео  	Сборная Украины проигнорировала гимн РФ на награждении: видео  	Сборная Украины проигнорировала гимн РФ на награждении: видео  ', '2017-02-08 16:21:15', 0, 4, 0, 'http://cdn1.img.rsport.ru/images/90230/58/902305879.jpg', 'скандал'),
(41, '14-летняя украинка выиграла чемпионат Australian Open', '14-летняя украинка выиграла чемпионат Australian Open14-летняя украинка выиграла чемпионат Australian Open14-летняя украинка выиграла чемпионат Australian Open14-летняя украинка выиграла чемпионат Australian Open14-летняя украинка выиграла чемпионат Australian Open14-летняя украинка выиграла чемпионат Australian Open14-летняя украинка выиграла чемпионат Australian Open14-летняя украинка выиграла чемпионат Australian Open14-летняя украинка выиграла чемпионат Australian Open14-летняя украинка выиграла чемпионат Australian Open14-летняя украинка выиграла чемпионат Australian Open14-летняя украинка выиграла чемпионат Australian Open14-летняя украинка выиграла чемпионат Australian Open', '2017-02-10 18:21:15', 58, 4, 0, 'http://tennis.sport.ua/images/news/0/8/64/orig_332955.jpg', 'украина, теннис'),
(42, 'Украинский мультфильм бьет рекорды в международном прокате', 'Украинский мультфильм бьет рекорды в международном прокатеУкраинский мультфильм бьет рекорды в международном прокатеУкраинский мультфильм бьет рекорды в международном прокатеУкраинский мультфильм бьет рекорды в международном прокатеУкраинский мультфильм бьет рекорды в международном прокатеУкраинский мультфильм бьет рекорды в международном прокатеУкраинский мультфильм бьет рекорды в международном прокатеУкраинский мультфильм бьет рекорды в международном прокате', '2017-02-08 16:26:29', 0, 5, 0, 'http://podrobnosti.ua/media/pictures/2016/1/26/thumbs/740x415/v-seti-pojavilsja-trejler-multfilma_rect_2a280b5507cd529f3dcbd805795ab83d.png', 'мультик'),
(43, 'Умер российский актер Георгий Тараторкин', 'Умер российский актер Георгий ТараторкинУмер российский актер Георгий ТараторкинУмер российский актер Георгий ТараторкинУмер российский актер Георгий ТараторкинУмер российский актер Георгий ТараторкинУмер российский актер Георгий ТараторкинУмер российский актер Георгий ТараторкинУмер российский актер Георгий ТараторкинУмер российский актер Георгий ТараторкинУмер российский актер Георгий ТараторкинУмер российский актер Георгий ТараторкинУмер российский актер Георгий Тараторкин', '2017-02-08 16:26:29', 0, 5, 0, 'http://www.kino-teatr.ru/acter/foto/ros/4241.jpg', 'актер'),
(44, '	Украинка впервые стала дирижером в австрийской опере', '	Украинка впервые стала дирижером в австрийской опере	Украинка впервые стала дирижером в австрийской опере	Украинка впервые стала дирижером в австрийской опере	Украинка впервые стала дирижером в австрийской опере	Украинка впервые стала дирижером в австрийской опере	Украинка впервые стала дирижером в австрийской опере	Украинка впервые стала дирижером в австрийской опере	Украинка впервые стала дирижером в австрийской опере	Украинка впервые стала дирижером в австрийской опере	Украинка впервые стала дирижером в австрийской опере	Украинка впервые стала дирижером в австрийской опере	Украинка впервые стала дирижером в австрийской опере	Украинка впервые стала дирижером в австрийской опере	Украинка впервые стала дирижером в австрийской опере	Украинка впервые стала дирижером в австрийской опере	Украинка впервые стала дирижером в австрийской опере	Украинка впервые стала дирижером в австрийской опере	Украинка впервые стала дирижером в австрийской опере	Украинка впервые стала дирижером в австрийской опере	Украинка впервые стала дирижером в австрийской опере	Украинка впервые стала дирижером в австрийской опере	Украинка впервые стала дирижером в австрийской опере', '2017-02-08 16:26:29', 0, 5, 0, 'http://www.muz-urok.ru/orkestr/dirizher9.gif', 'опера'),
(45, '	На Берлинском кинофестивале покажут фильм о Сенцове', '	На Берлинском кинофестивале покажут фильм о Сенцове	На Берлинском кинофестивале покажут фильм о Сенцове	На Берлинском кинофестивале покажут фильм о Сенцове	На Берлинском кинофестивале покажут фильм о Сенцове	На Берлинском кинофестивале покажут фильм о Сенцове	На Берлинском кинофестивале покажут фильм о Сенцове	На Берлинском кинофестивале покажут фильм о Сенцове	На Берлинском кинофестивале покажут фильм о Сенцове	На Берлинском кинофестивале покажут фильм о Сенцове	На Берлинском кинофестивале покажут фильм о Сенцове	На Берлинском кинофестивале покажут фильм о Сенцове	На Берлинском кинофестивале покажут фильм о Сенцове	На Берлинском кинофестивале покажут фильм о Сенцове', '2017-02-10 17:53:29', 0, 5, 0, 'https://icdn.lenta.ru/images/0000/0297/000002979851/pic_1360268112.jpg', 'кинофестиваль'),
(46, 'Финал конкурса Мисс Вселенная и победа француженки', '\r\n14:31	Финал конкурса Мисс Вселенная и победа француженки: фоторепортаж  \r\n14:31	Финал конкурса Мисс Вселенная и победа француженки: фоторепортаж  \r\n14:31	Финал конкурса Мисс Вселенная и победа француженки: фоторепортаж  \r\n14:31	Финал конкурса Мисс Вселенная и победа француженки: фоторепортаж  \r\n14:31	Финал конкурса Мисс Вселенная и победа француженки: фоторепортаж  \r\n14:31	Финал конкурса Мисс Вселенная и победа француженки: фоторепортаж  \r\n14:31	Финал конкурса Мисс Вселенная и победа француженки: фоторепортаж  \r\n14:31	Финал конкурса Мисс Вселенная и победа француженки: фоторепортаж  \r\n14:31	Финал конкурса Мисс Вселенная и победа француженки: фоторепортаж  \r\n14:31	Финал конкурса Мисс Вселенная и победа француженки: фоторепортаж  ', '2017-02-08 16:26:29', 0, 5, 0, 'http://radiovesti.ru/pics/b/180/83.jpg', 'конкурс'),
(47, 'Умер британский актер Джон Херт', 'Умер британский актер Джон ХертУмер британский актер Джон ХертУмер британский актер Джон ХертУмер британский актер Джон ХертУмер британский актер Джон ХертУмер британский актер Джон ХертУмер британский актер Джон ХертУмер британский актер Джон ХертУмер британский актер Джон ХертУмер британский актер Джон ХертУмер британский актер Джон ХертУмер британский актер Джон ХертУмер британский актер Джон ХертУмер британский актер Джон ХертУмер британский актер Джон ХертУмер британский актер Джон ХертУмер британский актер Джон ХертУмер британский актер Джон ХертУмер британский актер Джон ХертУмер британский актер Джон ХертУмер британский актер Джон ХертУмер британский актер Джон ХертУмер британский актер Джон Херт', '2017-02-08 16:26:29', 0, 5, 0, 'https://st.kp.yandex.net/images/actor_iphone/iphone360_9331.jpg', 'актер'),
(48, 'Королевская почта выпустит марки с Дэвидом Боуи', 'Королевская почта выпустит марки с Дэвидом БоуиКоролевская почта выпустит марки с Дэвидом БоуиКоролевская почта выпустит марки с Дэвидом БоуиКоролевская почта выпустит марки с Дэвидом БоуиКоролевская почта выпустит марки с Дэвидом БоуиКоролевская почта выпустит марки с Дэвидом БоуиКоролевская почта выпустит марки с Дэвидом БоуиКоролевская почта выпустит марки с Дэвидом БоуиКоролевская почта выпустит марки с Дэвидом БоуиКоролевская почта выпустит марки с Дэвидом БоуиКоролевская почта выпустит марки с Дэвидом БоуиКоролевская почта выпустит марки с Дэвидом БоуиКоролевская почта выпустит марки с Дэвидом БоуиКоролевская почта выпустит марки с Дэвидом БоуиКоролевская почта выпустит марки с Дэвидом БоуиКоролевская почта выпустит марки с Дэвидом БоуиКоролевская почта выпустит марки с Дэвидом БоуиКоролевская почта выпустит марки с Дэвидом БоуиКоролевская почта выпустит марки с Дэвидом БоуиКоролевская почта выпустит марки с Дэвидом БоуиКоролевская почта выпустит марки с Дэвидом Боуи', '2017-02-08 16:26:29', 0, 5, 0, 'http://citaty.info/files/portraits/11131_0.jpg', ''),
(49, 'Стало известно название нового эпизода "Звездных войн"', 'Стало известно название нового эпизода "Звездных войн"Стало известно название нового эпизода "Звездных войн"Стало известно название нового эпизода "Звездных войн"Стало известно название нового эпизода "Звездных войн"Стало известно название нового эпизода "Звездных войн"Стало известно название нового эпизода "Звездных войн"Стало известно название нового эпизода "Звездных войн"Стало известно название нового эпизода "Звездных войн"Стало известно название нового эпизода "Звездных войн"Стало известно название нового эпизода "Звездных войн"Стало известно название нового эпизода "Звездных войн"Стало известно название нового эпизода "Звездных войн"Стало известно название нового эпизода "Звездных войн"Стало известно название нового эпизода "Звездных войн"', '2017-02-08 16:26:29', 0, 5, 0, 'https://i.ytimg.com/vi/VGfGxqHPF0s/maxresdefault.jpg', 'кино'),
(50, 'Дни украинского кино в Брюсселе открыл фильм Довженко "Земля"', 'Дни украинского кино в Брюсселе открыл фильм Довженко "Земля"Дни украинского кино в Брюсселе открыл фильм Довженко "Земля"Дни украинского кино в Брюсселе открыл фильм Довженко "Земля"Дни украинского кино в Брюсселе открыл фильм Довженко "Земля"Дни украинского кино в Брюсселе открыл фильм Довженко "Земля"Дни украинского кино в Брюсселе открыл фильм Довженко "Земля"Дни украинского кино в Брюсселе открыл фильм Довженко "Земля"Дни украинского кино в Брюсселе открыл фильм Довженко "Земля"', '2017-02-08 16:26:29', 0, 5, 0, 'http://www.kinowar.com/wp-content/uploads/2015/12/%D0%A3%D0%BA%D1%80%D0%B0%D0%B8%D0%BD%D1%81%D0%BA%D0%BE%D0%B5-%D0%BA%D0%B8%D0%BD%D0%BE-%D0%B2-%D0%91%D1%80%D1%8E%D1%81%D1%81%D0%B5%D0%BB%D0%B5.jpg', 'кино');
INSERT INTO `posts` (`id`, `title`, `post`, `date`, `views`, `category`, `analitics`, `picture`, `tag`) VALUES
(51, 'Сближение США и РФ должно быть не за счет Украины - МИД Германии', 'Нужно надеяться, что США и Россия достигнут договоренности, но только не за счет Украины или Европы. Об этом сказал глава МИД Германии Зигмар Габриэль после визита в США, передает Deutsche Welle. \r\n"Но если будет снижение напряженности между этими двумя мировыми государствами, то это будет хорошо для развития события в Сирии, для развития событий в Украине", - отметил Габриэль.  \r\nГлава немецкого МИД считает, что администрация Дональда Трампа пока в поиске собственной стратегии относительно России.  \r\n"Для нас, немцев и европейцев, все ясно: мы не можем терпеть, что одна страна в Европе изменяет границы, как это сделала Россия. (..) Американцы видят это точно так же", - сказал Габриэль. \r\nКомментируя ситуацию в Авдеевке, он выразил мнение, что за эскалацию несут ответственность обе стороны конфликта. \r\n\r\nВице-президент США Майк Пенс ранее сказал, что снятие санкций США с России зависит от дальнейшей позиции РФ и возможности двух стран работать на общие интересы - борьбу с террористической группировкой Исламское государство.', '2017-01-09 17:54:12', 0, 1, 0, 'https://i.ytimg.com/vi/HiqhRpY2Ku4/maxresdefault.jpg', 'сша, россия'),
(52, 'Дуда и Меркель против прежних контактов с РФ до решения конфликта', 'Польша и Германия согласны, что невозможно вернуться к политике "business as usual" в отношениях с Россией, пока не будет решен конфликт в Украине и восстановлен международный порядок. Об этом по итогам переговоров президента Польши Анджея Дуды и канцлера Германии Ангелы Меркель сообщили в канцелярии Дуды, передает Укринформ.  \r\nГлавы стран согласились, что Европа должна вести переговоры с США в ключе "сохранения главной линии" относительно Украины. При этом они отметили, что ситуация в Донбассе идет в сторону ухудшения, а не улучшения мирного процесса.  \r\n"Как президент, так и канцлер отметили, что нельзя соглашаться на длительную оккупацию суверенного государства. Нельзя соглашаться на переход к нормальным контактам “business as usual” (с Россией - ред.) после того, что произошло в Украине, пока этот конфликт не будет решен и не будет восстановлен международный порядок в Украине, которая опирается на международное право", - заявляют в канцелярии Польши.', '2017-02-10 17:51:42', 297, 1, 0, 'https://i.ytimg.com/vi/HiqhRpY2Ku4/maxresdefault.jpg', 'польша, германия'),
(53, 'От массового закрытия ФЛП бюджет ничего не потерял - Рева', 'Массовое прекращение деятельности физических лиц-предпринимателей не имело негативного влияния на бюджет. Об этом заявил министр социальной политики Андрей Рева в эфире Радио Свобода. \r\nПо его словам, 129 тысяч отказались платить единый социальный взнос и закрыли предпринимательскую деятельность. \r\n"На самом деле закрываются те физические лица-предприниматели, которые не вели предпринимательскую деятельность и не платили налоги. Им с 1 января предложили каждый месяц платить не налог, а единый социальный взнос, чтобы у них шел пенсионный стаж", - пояснил Рева.  \r\nМинистр уверяет, что бюджет ничего не потерял, как и люди, которые закрыли ФЛП, поскольку они ничего не зарабатывали и ничего не платили.  \r\nИз числа ФЛП, которые вели активную предпринимательскую деятельность, закрылись около 16,4 тысяч и открылись 28 тысяч.', '2017-02-07 17:00:00', 0, 1, 0, 'https://encrypted-tbn1.gstatic.com/images?q=tbn:ANd9GcT26JuBejfJeYKpwTtunhRo99_4lllE2I37j1jaHRUie8qJ8Cw9YA', 'бюджет'),
(54, 'В Германии анонсировали переговоры в нормандском формате', 'Переговоры министров иностранных дел нормандской четверки о перемирии в Донбассе могут состояться на следующей неделе в Бонне. Об этом сказал уполномоченный правительства ФРГ по вопросам сотрудничества с Россией Гернот Эрлер, сообщает DW.\r\n\r\nПо словам Эрлера, тема поддержания режима прекращения огня в Донбассе будет обсуждаться на переговорах министров иностранных дел стран нормандской четверки (Россия, Украина, Франция, ФРГ), которая состоится в рамках встречи Большой двадцатки в Бонне.\r\n\r\n"Заключенные два года назад минские договоренности остаются вполне приемлемыми, однако, к сожалению, не хватает воли для их выполнения", - сказал Эрлер.\r\n\r\nТу ситуацию в Донбассе, которая отмечается сейчас, Эрлер назвал "удручающей", напомнив, что минские соглашения были подписаны еще два года назад, но до сих пор не удалось достичь того, чтобы пушки молчали, а все 13 пунктов соглашений были выполнены.\r\n\r\n"Вместе с тем боевые действия постоянно возникают с новой силой и завершаются взаимными обвинениями сторон", - подчеркнул Эрлер.\r\n\r\nОсобого прогресса, по мнению политика, нет и в вопросе выработки новой "дорожной карты", по которой существует принципиальная договоренность между сторонами, и которая имеет конкретизировать процесс выполнения каждого из 13 пунктов минских соглашений.\r\n\r\n"Но и здесь до сих пор не удалось достичь прорыва", - сказал он и добавил, что украинской и российской стороне не хватает политической воли на самом высоком уровне для полного выполнения подписанных ими же договоренностей.\r\n\r\n"Это как рефлекс - каждый раз, как обостряется ситуация, восстанавливается политический процесс, и политические советники от каждой из сторон снова собираются в нормандском формате", - добавил он.\r\n\r\nПо его словам, следующим шагом становится то, что встречаются министры иностранных дел, а в конечном итоге может состояться встреча между тремя президентами и канцлером ФРГ Ангелой Меркель. "Мы уже не раз были свидетелями этого механизма ", - отметил Эрлер.\r\n\r\nЭрлер считает, что в ЕС консенсус относительно продолжения санкций против РФ и в дальнейшем сохраняется.\r\n\r\n5 декабря старший научный сотрудник программы по изучению России и Евразии Королевского института международных отношений Джеймс Шерр заявил, что на переговорах в рамках нормадского формата Российская Федерация пытается потопить дискуссию и перекроить ее в свою пользу.', '2017-02-07 16:48:16', 5, 1, 0, 'http://facepla.net/images/stories2/681/politics/vetr_2.jpg', 'переговоры, министры'),
(55, 'Украинский мультфильм бьет рекорды в международном прокате', 'Украинский мультфильм бьет рекорды в международном прокатеУкраинский мультфильм бьет рекорды в международном прокатеУкраинский мультфильм бьет рекорды в международном прокатеУкраинский мультфильм бьет рекорды в международном прокатеУкраинский мультфильм бьет рекорды в международном прокатеУкраинский мультфильм бьет рекорды в международном прокатеУкраинский мультфильм бьет рекорды в международном прокатеУкраинский мультфильм бьет рекорды в международном прокате', '2017-02-06 16:26:29', 0, 5, 0, 'http://podrobnosti.ua/media/pictures/2016/1/26/thumbs/740x415/v-seti-pojavilsja-trejler-multfilma_rect_2a280b5507cd529f3dcbd805795ab83d.png', 'мультик'),
(56, 'Умер российский актер Георгий Тараторкин', 'Умер российский актер Георгий ТараторкинУмер российский актер Георгий ТараторкинУмер российский актер Георгий ТараторкинУмер российский актер Георгий ТараторкинУмер российский актер Георгий ТараторкинУмер российский актер Георгий ТараторкинУмер российский актер Георгий ТараторкинУмер российский актер Георгий ТараторкинУмер российский актер Георгий ТараторкинУмер российский актер Георгий ТараторкинУмер российский актер Георгий ТараторкинУмер российский актер Георгий Тараторкин', '2017-02-09 16:26:29', 0, 5, 0, 'http://www.kino-teatr.ru/acter/foto/ros/4241.jpg', 'актер'),
(57, '	Украинка впервые стала дирижером в австрийской опере', '	Украинка впервые стала дирижером в австрийской опере	Украинка впервые стала дирижером в австрийской опере	Украинка впервые стала дирижером в австрийской опере	Украинка впервые стала дирижером в австрийской опере	Украинка впервые стала дирижером в австрийской опере	Украинка впервые стала дирижером в австрийской опере	Украинка впервые стала дирижером в австрийской опере	Украинка впервые стала дирижером в австрийской опере	Украинка впервые стала дирижером в австрийской опере	Украинка впервые стала дирижером в австрийской опере	Украинка впервые стала дирижером в австрийской опере	Украинка впервые стала дирижером в австрийской опере	Украинка впервые стала дирижером в австрийской опере	Украинка впервые стала дирижером в австрийской опере	Украинка впервые стала дирижером в австрийской опере	Украинка впервые стала дирижером в австрийской опере	Украинка впервые стала дирижером в австрийской опере	Украинка впервые стала дирижером в австрийской опере	Украинка впервые стала дирижером в австрийской опере	Украинка впервые стала дирижером в австрийской опере	Украинка впервые стала дирижером в австрийской опере	Украинка впервые стала дирижером в австрийской опере', '2017-02-10 18:20:29', 0, 5, 0, 'http://www.muz-urok.ru/orkestr/dirizher9.gif', 'опера'),
(58, '	На Берлинском кинофестивале покажут фильм о Сенцове', '	На Берлинском кинофестивале покажут фильм о Сенцове	На Берлинском кинофестивале покажут фильм о Сенцове	На Берлинском кинофестивале покажут фильм о Сенцове	На Берлинском кинофестивале покажут фильм о Сенцове	На Берлинском кинофестивале покажут фильм о Сенцове	На Берлинском кинофестивале покажут фильм о Сенцове	На Берлинском кинофестивале покажут фильм о Сенцове	На Берлинском кинофестивале покажут фильм о Сенцове	На Берлинском кинофестивале покажут фильм о Сенцове	На Берлинском кинофестивале покажут фильм о Сенцове	На Берлинском кинофестивале покажут фильм о Сенцове	На Берлинском кинофестивале покажут фильм о Сенцове	На Берлинском кинофестивале покажут фильм о Сенцове', '2017-02-08 16:26:29', 0, 5, 0, 'https://icdn.lenta.ru/images/0000/0297/000002979851/pic_1360268112.jpg', 'кинофестиваль'),
(59, 'Финал конкурса Мисс Вселенная и победа француженки', '\r\n14:31	Финал конкурса Мисс Вселенная и победа француженки: фоторепортаж  \r\n14:31	Финал конкурса Мисс Вселенная и победа француженки: фоторепортаж  \r\n14:31	Финал конкурса Мисс Вселенная и победа француженки: фоторепортаж  \r\n14:31	Финал конкурса Мисс Вселенная и победа француженки: фоторепортаж  \r\n14:31	Финал конкурса Мисс Вселенная и победа француженки: фоторепортаж  \r\n14:31	Финал конкурса Мисс Вселенная и победа француженки: фоторепортаж  \r\n14:31	Финал конкурса Мисс Вселенная и победа француженки: фоторепортаж  \r\n14:31	Финал конкурса Мисс Вселенная и победа француженки: фоторепортаж  \r\n14:31	Финал конкурса Мисс Вселенная и победа француженки: фоторепортаж  \r\n14:31	Финал конкурса Мисс Вселенная и победа француженки: фоторепортаж  ', '2017-02-08 16:26:29', 0, 5, 0, 'http://radiovesti.ru/pics/b/180/83.jpg', 'конкурс'),
(60, 'Умер британский актер Джон Херт', 'Умер британский актер Джон ХертУмер британский актер Джон ХертУмер британский актер Джон ХертУмер британский актер Джон ХертУмер британский актер Джон ХертУмер британский актер Джон ХертУмер британский актер Джон ХертУмер британский актер Джон ХертУмер британский актер Джон ХертУмер британский актер Джон ХертУмер британский актер Джон ХертУмер британский актер Джон ХертУмер британский актер Джон ХертУмер британский актер Джон ХертУмер британский актер Джон ХертУмер британский актер Джон ХертУмер британский актер Джон ХертУмер британский актер Джон ХертУмер британский актер Джон ХертУмер британский актер Джон ХертУмер британский актер Джон ХертУмер британский актер Джон ХертУмер британский актер Джон Херт', '2017-02-08 16:26:29', 0, 5, 0, 'https://st.kp.yandex.net/images/actor_iphone/iphone360_9331.jpg', 'актер'),
(61, 'Королевская почта выпустит марки с Дэвидом Боуи', 'Королевская почта выпустит марки с Дэвидом БоуиКоролевская почта выпустит марки с Дэвидом БоуиКоролевская почта выпустит марки с Дэвидом БоуиКоролевская почта выпустит марки с Дэвидом БоуиКоролевская почта выпустит марки с Дэвидом БоуиКоролевская почта выпустит марки с Дэвидом БоуиКоролевская почта выпустит марки с Дэвидом БоуиКоролевская почта выпустит марки с Дэвидом БоуиКоролевская почта выпустит марки с Дэвидом БоуиКоролевская почта выпустит марки с Дэвидом БоуиКоролевская почта выпустит марки с Дэвидом БоуиКоролевская почта выпустит марки с Дэвидом БоуиКоролевская почта выпустит марки с Дэвидом БоуиКоролевская почта выпустит марки с Дэвидом БоуиКоролевская почта выпустит марки с Дэвидом БоуиКоролевская почта выпустит марки с Дэвидом БоуиКоролевская почта выпустит марки с Дэвидом БоуиКоролевская почта выпустит марки с Дэвидом БоуиКоролевская почта выпустит марки с Дэвидом БоуиКоролевская почта выпустит марки с Дэвидом БоуиКоролевская почта выпустит марки с Дэвидом Боуи', '2017-02-08 16:26:29', 0, 5, 0, 'http://citaty.info/files/portraits/11131_0.jpg', ''),
(62, 'Стало известно название нового эпизода "Звездных войн"', 'Стало известно название нового эпизода "Звездных войн"Стало известно название нового эпизода "Звездных войн"Стало известно название нового эпизода "Звездных войн"Стало известно название нового эпизода "Звездных войн"Стало известно название нового эпизода "Звездных войн"Стало известно название нового эпизода "Звездных войн"Стало известно название нового эпизода "Звездных войн"Стало известно название нового эпизода "Звездных войн"Стало известно название нового эпизода "Звездных войн"Стало известно название нового эпизода "Звездных войн"Стало известно название нового эпизода "Звездных войн"Стало известно название нового эпизода "Звездных войн"Стало известно название нового эпизода "Звездных войн"Стало известно название нового эпизода "Звездных войн"', '2017-02-08 16:26:29', 0, 5, 0, 'https://i.ytimg.com/vi/VGfGxqHPF0s/maxresdefault.jpg', 'кино'),
(63, 'Дни украинского кино в Брюсселе открыл фильм Довженко "Земля"', 'Дни украинского кино в Брюсселе открыл фильм Довженко "Земля"Дни украинского кино в Брюсселе открыл фильм Довженко "Земля"Дни украинского кино в Брюсселе открыл фильм Довженко "Земля"Дни украинского кино в Брюсселе открыл фильм Довженко "Земля"Дни украинского кино в Брюсселе открыл фильм Довженко "Земля"Дни украинского кино в Брюсселе открыл фильм Довженко "Земля"Дни украинского кино в Брюсселе открыл фильм Довженко "Земля"Дни украинского кино в Брюсселе открыл фильм Довженко "Земля"', '2017-02-08 16:26:29', 0, 5, 0, 'http://www.kinowar.com/wp-content/uploads/2015/12/%D0%A3%D0%BA%D1%80%D0%B0%D0%B8%D0%BD%D1%81%D0%BA%D0%BE%D0%B5-%D0%BA%D0%B8%D0%BD%D0%BE-%D0%B2-%D0%91%D1%80%D1%8E%D1%81%D1%81%D0%B5%D0%BB%D0%B5.jpg', 'кино'),
(64, '	Сборная Украины проигнорировала гимн РФ на награждении', '	Сборная Украины проигнорировала гимн РФ на награждении: видео  	Сборная Украины проигнорировала гимн РФ на награждении: видео  	Сборная Украины проигнорировала гимн РФ на награждении: видео  	Сборная Украины проигнорировала гимн РФ на награждении: видео  	Сборная Украины проигнорировала гимн РФ на награждении: видео  	Сборная Украины проигнорировала гимн РФ на награждении: видео  	Сборная Украины проигнорировала гимн РФ на награждении: видео  	Сборная Украины проигнорировала гимн РФ на награждении: видео  	Сборная Украины проигнорировала гимн РФ на награждении: видео  	Сборная Украины проигнорировала гимн РФ на награждении: видео  	Сборная Украины проигнорировала гимн РФ на награждении: видео  	Сборная Украины проигнорировала гимн РФ на награждении: видео  	Сборная Украины проигнорировала гимн РФ на награждении: видео  ', '2017-02-07 16:21:15', 0, 4, 0, 'http://cdn1.img.rsport.ru/images/90230/58/902305879.jpg', 'скандал'),
(65, '14-летняя украинка выиграла чемпионат Australian Open', '14-летняя украинка выиграла чемпионат Australian Open14-летняя украинка выиграла чемпионат Australian Open14-летняя украинка выиграла чемпионат Australian Open14-летняя украинка выиграла чемпионат Australian Open14-летняя украинка выиграла чемпионат Australian Open14-летняя украинка выиграла чемпионат Australian Open14-летняя украинка выиграла чемпионат Australian Open14-летняя украинка выиграла чемпионат Australian Open14-летняя украинка выиграла чемпионат Australian Open14-летняя украинка выиграла чемпионат Australian Open14-летняя украинка выиграла чемпионат Australian Open14-летняя украинка выиграла чемпионат Australian Open14-летняя украинка выиграла чемпионат Australian Open', '2017-02-07 16:21:15', 0, 4, 0, 'http://tennis.sport.ua/images/news/0/8/64/orig_332955.jpg', 'украина, теннис'),
(66, '	Скандал в Испании: футболиста Зозулю вернули обратно в "Бетис"', '	Скандал в Испании: футболиста Зозулю вернули обратно в "Бетис"	Скандал в Испании: футболиста Зозулю вернули обратно в "Бетис"	Скандал в Испании: футболиста Зозулю вернули обратно в "Бетис"	Скандал в Испании: футболиста Зозулю вернули обратно в "Бетис"	Скандал в Испании: футболиста Зозулю вернули обратно в "Бетис"	Скандал в Испании: футболиста Зозулю вернули обратно в "Бетис"	Скандал в Испании: футболиста Зозулю вернули обратно в "Бетис"	Скандал в Испании: футболиста Зозулю вернули обратно в "Бетис"	Скандал в Испании: футболиста Зозулю вернули обратно в "Бетис"	Скандал в Испании: футболиста Зозулю вернули обратно в "Бетис"	Скандал в Испании: футболиста Зозулю вернули обратно в "Бетис"	Скандал в Испании: футболиста Зозулю вернули обратно в "Бетис"', '2017-02-07 16:20:09', 0, 4, 0, 'http://usiter.com/uploads/20111211/futbol+sport+futbol+sport+futbol+oboi++62911243246.jpg', 'футбол'),
(67, 'Украинская теннисистка Свитолина выиграла первый турнир в сезоне', 'Украинская теннисистка Свитолина выиграла первый турнир в сезонеУкраинская теннисистка Свитолина выиграла первый турнир в сезонеУкраинская теннисистка Свитолина выиграла первый турнир в сезонеУкраинская теннисистка Свитолина выиграла первый турнир в сезонеУкраинская теннисистка Свитолина выиграла первый турнир в сезонеУкраинская теннисистка Свитолина выиграла первый турнир в сезонеУкраинская теннисистка Свитолина выиграла первый турнир в сезоне', '2017-02-08 16:19:32', 0, 4, 0, 'https://cdn.pixabay.com/photo/2012/11/01/05/25/tennis-63733_640.jpg', 'теннис'),
(68, 'Украинские фигуристы Назарова и Никитин победили на Универсиаде', 'Украинские фигуристы Назарова и Никитин победили на УниверсиадеУкраинские фигуристы Назарова и Никитин победили на УниверсиадеУкраинские фигуристы Назарова и Никитин победили на УниверсиадеУкраинские фигуристы Назарова и Никитин победили на УниверсиадеУкраинские фигуристы Назарова и Никитин победили на УниверсиадеУкраинские фигуристы Назарова и Никитин победили на УниверсиадеУкраинские фигуристы Назарова и Никитин победили на УниверсиадеУкраинские фигуристы Назарова и Никитин победили на УниверсиадеУкраинские фигуристы Назарова и Никитин победили на Универсиаде', '2017-02-05 16:19:32', 0, 4, 0, 'http://www.artap.ru/sport/sport1.jpg', 'фигурное катание'),
(69, 'В Украине появится антидопинговая лаборатория', 'В Украине появится антидопинговая лабораторияВ Украине появится антидопинговая лабораторияВ Украине появится антидопинговая лабораторияВ Украине появится антидопинговая лабораторияВ Украине появится антидопинговая лабораторияВ Украине появится антидопинговая лабораторияВ Украине появится антидопинговая лабораторияВ Украине появится антидопинговая лаборатория', '2017-02-07 16:14:30', 0, 4, 0, 'http://boxmir.com/images/shkola_boxa/razvitie/sport_zdorove/sport.jpg', 'спорт, допинг'),
(70, '	Российского боксера Поветкина исключили из рейтинга WBC', '	Российского боксера Поветкина исключили из рейтинга WBC	Российского боксера Поветкина исключили из рейтинга WBC	Российского боксера Поветкина исключили из рейтинга WBC	Российского боксера Поветкина исключили из рейтинга WBC	Российского боксера Поветкина исключили из рейтинга WBC	Российского боксера Поветкина исключили из рейтинга WBC	Российского боксера Поветкина исключили из рейтинга WBC	Российского боксера Поветкина исключили из рейтинга WBC	Российского боксера Поветкина исключили из рейтинга WBC', '2017-02-07 16:14:30', 0, 4, 0, 'http://wpapers.ru/wallpapers/Sport/10055/1920x1080_%D0%91%D0%BE%D0%BA%D1%81%D0%B5%D1%80.jpg', 'бокс'),
(71, 'Стюардесса спасла девочку от торговца людьми с помощью записки', 'Стюардесса авиакомпании Alaska Airlines спасла девочку от торговца людьми, благодаря записке, оставленной в туалете самолета, передает Би-би-си.\r\n\r\nШелиа Федрик рассказала журналистам, что забеспокоилась сразу, когда увидела в самолете растрепанную девочку рядом с хорошо одетым мужчиной.\r\n\r\nПодросток выглядел так, "как будто она прошла через кромешный ад", рассказала стюардесса Эн-би-си, а мужчина не позволил ей поговорить с девочкой.\r\n\r\nТогда Федрик незаметно подала знак, чтобы девочка шла в туалет, где ее ждала записка на зеркале. На этой же записке девочка написала, что ей нужна помощь.\r\n\r\nОказалось, что подросток стал жертвой торговцев людьми. Федрик сообщила о произошедшем пилоту, и он смог заранее предупредить полицию.\r\n\r\nИнцидент, произошедший в 2011 году на рейсе компании Alaska Airlines, был обнародован в СМИ на этой неделе, в то время как благотворительная организация Airline Ambassadors начала кампанию по обучению членов экипажа борьбе с торговлей людьми.\r\n\r\nНа сайте Airline Ambassadors говорится, что жертвы могут казаться испуганными рядом с людьми в униформе, не знать конечной цели путешествия. Они также могут отвечать заготовленными фразами и быть одетыми неподобающе для места прибытия.\r\n\r\nЗлоумышленники могут пытаться отвечать на вопросы вместо своих жертв, а также не знать их личных данных.\r\n\r\nСейчас спасенная девочка уже учится в колледже и по-прежнему поддерживает связь со стюардессой, сообщает 10News.', '2017-02-07 16:12:53', 0, NULL, 0, 'http://fb.ru/misc/i/gallery/22249/478828.jpg', 'криминал'),
(72, 'Больницы Великобритании перестанут лечить приезжих без предоплаты', 'Британские государственные больницы, входящие в систему NHS (Национальная служба здравоохранения) с апреля будут юридически обязаны брать с приезжих из дальних стран деньги за несрочную медицинскую помощь, передает Би-би-си.\r\n\r\nТаким образом власти рассчитывают получать от приезжих пациентов больше денег. Сегодня больницы терпят убытки: система сбора денег с туристов, уже получивших медицинскую помощь, работает неэффективно, при этом многие больницы переполнены.\r\n\r\n"Мы не возражаем против того, чтобы люди, приехавшие издалека, пользовались нашей системой здравоохранения - пока они готовы честно вносить свою долю оплаты, как и британские налогоплательщики," - заявил министр здравоохранения Британии Джереми Хант, объявляя о соответствующих изменениях в законодательстве.\r\n\r\nСегодня в Британии больницы имеют право оказывать приезжим любую медицинскую помощь, позже выставляя им счета. Однако в последнее время СМИ и парламент отмечают, что эти счета мало кто оплачивает.\r\n\r\nТак, одно из подразделений национальной системы здравоохранения - Imperial College Trust - сообщает, что за прошлый год таким образом потратило на лечение приезжих 4 млн фунтов (почти $5 млн), из которых вернулось лишь 1,6 млн.\r\n\r\nУбытки по всей системе здравоохранения в целом власти оценивают в 500 млн фунтов (около $625 млн) в год - именно такую сумму правительство хочет вернуть с помощью новых правил.\r\n\r\nПоэтому, в соответствии со вступающими в силу в апреле правилами, без предоплаты помощь смогут получать только те пациенты, чья жизнь находится в опасности.', '2017-02-07 16:12:53', 0, NULL, 0, 'https://pp.vk.me/c608218/v608218855/4a5a/hsUkhJWem1c.jpg', 'британия'),
(73, 'Сближение США и РФ должно быть не за счет Украины - МИД Германии', 'Нужно надеяться, что США и Россия достигнут договоренности, но только не за счет Украины или Европы. Об этом сказал глава МИД Германии Зигмар Габриэль после визита в США, передает Deutsche Welle. \r\n"Но если будет снижение напряженности между этими двумя мировыми государствами, то это будет хорошо для развития события в Сирии, для развития событий в Украине", - отметил Габриэль.  \r\nГлава немецкого МИД считает, что администрация Дональда Трампа пока в поиске собственной стратегии относительно России.  \r\n"Для нас, немцев и европейцев, все ясно: мы не можем терпеть, что одна страна в Европе изменяет границы, как это сделала Россия. (..) Американцы видят это точно так же", - сказал Габриэль. \r\nКомментируя ситуацию в Авдеевке, он выразил мнение, что за эскалацию несут ответственность обе стороны конфликта. \r\n\r\nВице-президент США Майк Пенс ранее сказал, что снятие санкций США с России зависит от дальнейшей позиции РФ и возможности двух стран работать на общие интересы - борьбу с террористической группировкой Исламское государство.', '2017-02-06 17:54:12', 0, 1, 0, 'https://i.ytimg.com/vi/HiqhRpY2Ku4/maxresdefault.jpg', 'сша, россия'),
(74, 'Сближение США и РФ должно быть не за счет Украины - МИД Германии', 'Нужно надеяться, что США и Россия достигнут договоренности, но только не за счет Украины или Европы. Об этом сказал глава МИД Германии Зигмар Габриэль после визита в США, передает Deutsche Welle. \r\n"Но если будет снижение напряженности между этими двумя мировыми государствами, то это будет хорошо для развития события в Сирии, для развития событий в Украине", - отметил Габриэль.  \r\nГлава немецкого МИД считает, что администрация Дональда Трампа пока в поиске собственной стратегии относительно России.  \r\n"Для нас, немцев и европейцев, все ясно: мы не можем терпеть, что одна страна в Европе изменяет границы, как это сделала Россия. (..) Американцы видят это точно так же", - сказал Габриэль. \r\nКомментируя ситуацию в Авдеевке, он выразил мнение, что за эскалацию несут ответственность обе стороны конфликта. \r\n\r\nВице-президент США Майк Пенс ранее сказал, что снятие санкций США с России зависит от дальнейшей позиции РФ и возможности двух стран работать на общие интересы - борьбу с террористической группировкой Исламское государство.', '2017-02-07 17:54:12', 3, 1, 1, 'https://i.ytimg.com/vi/HiqhRpY2Ku4/maxresdefault.jpg', 'сша, россия'),
(75, 'Дуда и Меркель против прежних контактов с РФ до решения конфликта', 'Польша и Германия согласны, что невозможно вернуться к политике "business as usual" в отношениях с Россией, пока не будет решен конфликт в Украине и восстановлен международный порядок. Об этом по итогам переговоров президента Польши Анджея Дуды и канцлера Германии Ангелы Меркель сообщили в канцелярии Дуды, передает Укринформ.  \r\nГлавы стран согласились, что Европа должна вести переговоры с США в ключе "сохранения главной линии" относительно Украины. При этом они отметили, что ситуация в Донбассе идет в сторону ухудшения, а не улучшения мирного процесса.  \r\n"Как президент, так и канцлер отметили, что нельзя соглашаться на длительную оккупацию суверенного государства. Нельзя соглашаться на переход к нормальным контактам “business as usual” (с Россией - ред.) после того, что произошло в Украине, пока этот конфликт не будет решен и не будет восстановлен международный порядок в Украине, которая опирается на международное право", - заявляют в канцелярии Польши.', '2017-02-06 17:51:42', 0, 1, 0, 'https://i.ytimg.com/vi/HiqhRpY2Ku4/maxresdefault.jpg', 'польша, германия'),
(76, 'Дуда и Меркель против прежних контактов с РФ до решения конфликта', 'Польша и Германия согласны, что невозможно вернуться к политике "business as usual" в отношениях с Россией, пока не будет решен конфликт в Украине и восстановлен международный порядок. Об этом по итогам переговоров президента Польши Анджея Дуды и канцлера Германии Ангелы Меркель сообщили в канцелярии Дуды, передает Укринформ.  \r\nГлавы стран согласились, что Европа должна вести переговоры с США в ключе "сохранения главной линии" относительно Украины. При этом они отметили, что ситуация в Донбассе идет в сторону ухудшения, а не улучшения мирного процесса.  \r\n"Как президент, так и канцлер отметили, что нельзя соглашаться на длительную оккупацию суверенного государства. Нельзя соглашаться на переход к нормальным контактам “business as usual” (с Россией - ред.) после того, что произошло в Украине, пока этот конфликт не будет решен и не будет восстановлен международный порядок в Украине, которая опирается на международное право", - заявляют в канцелярии Польши.', '2017-02-07 17:51:42', 0, 1, 0, 'https://i.ytimg.com/vi/HiqhRpY2Ku4/maxresdefault.jpg', 'польша, германия'),
(77, 'От массового закрытия ФЛП бюджет ничего не потерял - Рева', 'Массовое прекращение деятельности физических лиц-предпринимателей не имело негативного влияния на бюджет. Об этом заявил министр социальной политики Андрей Рева в эфире Радио Свобода. \r\nПо его словам, 129 тысяч отказались платить единый социальный взнос и закрыли предпринимательскую деятельность. \r\n"На самом деле закрываются те физические лица-предприниматели, которые не вели предпринимательскую деятельность и не платили налоги. Им с 1 января предложили каждый месяц платить не налог, а единый социальный взнос, чтобы у них шел пенсионный стаж", - пояснил Рева.  \r\nМинистр уверяет, что бюджет ничего не потерял, как и люди, которые закрыли ФЛП, поскольку они ничего не зарабатывали и ничего не платили.  \r\nИз числа ФЛП, которые вели активную предпринимательскую деятельность, закрылись около 16,4 тысяч и открылись 28 тысяч.', '2017-02-06 17:00:00', 0, 1, 0, 'https://encrypted-tbn1.gstatic.com/images?q=tbn:ANd9GcT26JuBejfJeYKpwTtunhRo99_4lllE2I37j1jaHRUie8qJ8Cw9YA', 'бюджет'),
(78, 'От массового закрытия ФЛП бюджет ничего не потерял - Рева', 'Массовое прекращение деятельности физических лиц-предпринимателей не имело негативного влияния на бюджет. Об этом заявил министр социальной политики Андрей Рева в эфире Радио Свобода. \r\nПо его словам, 129 тысяч отказались платить единый социальный взнос и закрыли предпринимательскую деятельность. \r\n"На самом деле закрываются те физические лица-предприниматели, которые не вели предпринимательскую деятельность и не платили налоги. Им с 1 января предложили каждый месяц платить не налог, а единый социальный взнос, чтобы у них шел пенсионный стаж", - пояснил Рева.  \r\nМинистр уверяет, что бюджет ничего не потерял, как и люди, которые закрыли ФЛП, поскольку они ничего не зарабатывали и ничего не платили.  \r\nИз числа ФЛП, которые вели активную предпринимательскую деятельность, закрылись около 16,4 тысяч и открылись 28 тысяч.', '2017-02-09 17:00:55', 38, 1, 0, 'https://encrypted-tbn1.gstatic.com/images?q=tbn:ANd9GcT26JuBejfJeYKpwTtunhRo99_4lllE2I37j1jaHRUie8qJ8Cw9YA', 'бюджет'),
(79, 'В Германии анонсировали переговоры в нормандском формате', 'Переговоры министров иностранных дел нормандской четверки о перемирии в Донбассе могут состояться на следующей неделе в Бонне. Об этом сказал уполномоченный правительства ФРГ по вопросам сотрудничества с Россией Гернот Эрлер, сообщает DW.\r\n\r\nПо словам Эрлера, тема поддержания режима прекращения огня в Донбассе будет обсуждаться на переговорах министров иностранных дел стран нормандской четверки (Россия, Украина, Франция, ФРГ), которая состоится в рамках встречи Большой двадцатки в Бонне.\r\n\r\n"Заключенные два года назад минские договоренности остаются вполне приемлемыми, однако, к сожалению, не хватает воли для их выполнения", - сказал Эрлер.\r\n\r\nТу ситуацию в Донбассе, которая отмечается сейчас, Эрлер назвал "удручающей", напомнив, что минские соглашения были подписаны еще два года назад, но до сих пор не удалось достичь того, чтобы пушки молчали, а все 13 пунктов соглашений были выполнены.\r\n\r\n"Вместе с тем боевые действия постоянно возникают с новой силой и завершаются взаимными обвинениями сторон", - подчеркнул Эрлер.\r\n\r\nОсобого прогресса, по мнению политика, нет и в вопросе выработки новой "дорожной карты", по которой существует принципиальная договоренность между сторонами, и которая имеет конкретизировать процесс выполнения каждого из 13 пунктов минских соглашений.\r\n\r\n"Но и здесь до сих пор не удалось достичь прорыва", - сказал он и добавил, что украинской и российской стороне не хватает политической воли на самом высоком уровне для полного выполнения подписанных ими же договоренностей.\r\n\r\n"Это как рефлекс - каждый раз, как обостряется ситуация, восстанавливается политический процесс, и политические советники от каждой из сторон снова собираются в нормандском формате", - добавил он.\r\n\r\nПо его словам, следующим шагом становится то, что встречаются министры иностранных дел, а в конечном итоге может состояться встреча между тремя президентами и канцлером ФРГ Ангелой Меркель. "Мы уже не раз были свидетелями этого механизма ", - отметил Эрлер.\r\n\r\nЭрлер считает, что в ЕС консенсус относительно продолжения санкций против РФ и в дальнейшем сохраняется.\r\n\r\n5 декабря старший научный сотрудник программы по изучению России и Евразии Королевского института международных отношений Джеймс Шерр заявил, что на переговорах в рамках нормадского формата Российская Федерация пытается потопить дискуссию и перекроить ее в свою пользу.', '2017-02-09 16:48:56', 48, 1, 0, 'http://facepla.net/images/stories2/681/politics/vetr_2.jpg', 'переговоры, министры'),
(80, 'В Германии анонсировали переговоры в нормандском формате', 'Переговоры министров иностранных дел нормандской четверки о перемирии в Донбассе могут состояться на следующей неделе в Бонне. Об этом сказал уполномоченный правительства ФРГ по вопросам сотрудничества с Россией Гернот Эрлер, сообщает DW.\r\n\r\nПо словам Эрлера, тема поддержания режима прекращения огня в Донбассе будет обсуждаться на переговорах министров иностранных дел стран нормандской четверки (Россия, Украина, Франция, ФРГ), которая состоится в рамках встречи Большой двадцатки в Бонне.\r\n\r\n"Заключенные два года назад минские договоренности остаются вполне приемлемыми, однако, к сожалению, не хватает воли для их выполнения", - сказал Эрлер.\r\n\r\nТу ситуацию в Донбассе, которая отмечается сейчас, Эрлер назвал "удручающей", напомнив, что минские соглашения были подписаны еще два года назад, но до сих пор не удалось достичь того, чтобы пушки молчали, а все 13 пунктов соглашений были выполнены.\r\n\r\n"Вместе с тем боевые действия постоянно возникают с новой силой и завершаются взаимными обвинениями сторон", - подчеркнул Эрлер.\r\n\r\nОсобого прогресса, по мнению политика, нет и в вопросе выработки новой "дорожной карты", по которой существует принципиальная договоренность между сторонами, и которая имеет конкретизировать процесс выполнения каждого из 13 пунктов минских соглашений.\r\n\r\n"Но и здесь до сих пор не удалось достичь прорыва", - сказал он и добавил, что украинской и российской стороне не хватает политической воли на самом высоком уровне для полного выполнения подписанных ими же договоренностей.\r\n\r\n"Это как рефлекс - каждый раз, как обостряется ситуация, восстанавливается политический процесс, и политические советники от каждой из сторон снова собираются в нормандском формате", - добавил он.\r\n\r\nПо его словам, следующим шагом становится то, что встречаются министры иностранных дел, а в конечном итоге может состояться встреча между тремя президентами и канцлером ФРГ Ангелой Меркель. "Мы уже не раз были свидетелями этого механизма ", - отметил Эрлер.\r\n\r\nЭрлер считает, что в ЕС консенсус относительно продолжения санкций против РФ и в дальнейшем сохраняется.\r\n\r\n5 декабря старший научный сотрудник программы по изучению России и Евразии Королевского института международных отношений Джеймс Шерр заявил, что на переговорах в рамках нормадского формата Российская Федерация пытается потопить дискуссию и перекроить ее в свою пользу.', '2017-02-10 16:48:16', 21, NULL, 1, 'https://cdn4.img.ria.ru/images/147988/31/1479883199.jpg', 'переговоры, министры'),
(81, 'Украинский мультфильм бьет рекорды в международном прокате', 'Украинский мультфильм бьет рекорды в международном прокатеУкраинский мультфильм бьет рекорды в международном прокатеУкраинский мультфильм бьет рекорды в международном прокатеУкраинский мультфильм бьет рекорды в международном прокатеУкраинский мультфильм бьет рекорды в международном прокатеУкраинский мультфильм бьет рекорды в международном прокатеУкраинский мультфильм бьет рекорды в международном прокатеУкраинский мультфильм бьет рекорды в международном прокате', '2017-02-03 16:26:29', 0, 5, 0, 'http://podrobnosti.ua/media/pictures/2016/1/26/thumbs/740x415/v-seti-pojavilsja-trejler-multfilma_rect_2a280b5507cd529f3dcbd805795ab83d.png', 'мультик'),
(82, 'Умер российский актер Георгий Тараторкин', 'Умер российский актер Георгий ТараторкинУмер российский актер Георгий ТараторкинУмер российский актер Георгий ТараторкинУмер российский актер Георгий ТараторкинУмер российский актер Георгий ТараторкинУмер российский актер Георгий ТараторкинУмер российский актер Георгий ТараторкинУмер российский актер Георгий ТараторкинУмер российский актер Георгий ТараторкинУмер российский актер Георгий ТараторкинУмер российский актер Георгий ТараторкинУмер российский актер Георгий Тараторкин', '2017-02-02 16:26:29', 0, 5, 0, 'http://www.kino-teatr.ru/acter/foto/ros/4241.jpg', 'актер'),
(83, '	Украинка впервые стала дирижером в австрийской опере', '	Украинка впервые стала дирижером в австрийской опере	Украинка впервые стала дирижером в австрийской опере	Украинка впервые стала дирижером в австрийской опере	Украинка впервые стала дирижером в австрийской опере	Украинка впервые стала дирижером в австрийской опере	Украинка впервые стала дирижером в австрийской опере	Украинка впервые стала дирижером в австрийской опере	Украинка впервые стала дирижером в австрийской опере	Украинка впервые стала дирижером в австрийской опере	Украинка впервые стала дирижером в австрийской опере	Украинка впервые стала дирижером в австрийской опере	Украинка впервые стала дирижером в австрийской опере	Украинка впервые стала дирижером в австрийской опере	Украинка впервые стала дирижером в австрийской опере	Украинка впервые стала дирижером в австрийской опере	Украинка впервые стала дирижером в австрийской опере	Украинка впервые стала дирижером в австрийской опере	Украинка впервые стала дирижером в австрийской опере	Украинка впервые стала дирижером в австрийской опере	Украинка впервые стала дирижером в австрийской опере	Украинка впервые стала дирижером в австрийской опере	Украинка впервые стала дирижером в австрийской опере', '2017-02-01 16:26:29', 0, 5, 0, 'http://www.muz-urok.ru/orkestr/dirizher9.gif', 'опера'),
(84, '	На Берлинском кинофестивале покажут фильм о Сенцове', '	На Берлинском кинофестивале покажут фильм о Сенцове	На Берлинском кинофестивале покажут фильм о Сенцове	На Берлинском кинофестивале покажут фильм о Сенцове	На Берлинском кинофестивале покажут фильм о Сенцове	На Берлинском кинофестивале покажут фильм о Сенцове	На Берлинском кинофестивале покажут фильм о Сенцове	На Берлинском кинофестивале покажут фильм о Сенцове	На Берлинском кинофестивале покажут фильм о Сенцове	На Берлинском кинофестивале покажут фильм о Сенцове	На Берлинском кинофестивале покажут фильм о Сенцове	На Берлинском кинофестивале покажут фильм о Сенцове	На Берлинском кинофестивале покажут фильм о Сенцове	На Берлинском кинофестивале покажут фильм о Сенцове', '2017-02-01 16:26:29', 0, 5, 0, 'https://icdn.lenta.ru/images/0000/0297/000002979851/pic_1360268112.jpg', 'кинофестиваль'),
(85, 'Финал конкурса Мисс Вселенная и победа француженки', '\r\n14:31	Финал конкурса Мисс Вселенная и победа француженки: фоторепортаж  \r\n14:31	Финал конкурса Мисс Вселенная и победа француженки: фоторепортаж  \r\n14:31	Финал конкурса Мисс Вселенная и победа француженки: фоторепортаж  \r\n14:31	Финал конкурса Мисс Вселенная и победа француженки: фоторепортаж  \r\n14:31	Финал конкурса Мисс Вселенная и победа француженки: фоторепортаж  \r\n14:31	Финал конкурса Мисс Вселенная и победа француженки: фоторепортаж  \r\n14:31	Финал конкурса Мисс Вселенная и победа француженки: фоторепортаж  \r\n14:31	Финал конкурса Мисс Вселенная и победа француженки: фоторепортаж  \r\n14:31	Финал конкурса Мисс Вселенная и победа француженки: фоторепортаж  \r\n14:31	Финал конкурса Мисс Вселенная и победа француженки: фоторепортаж  ', '2017-02-01 16:26:29', 0, 5, 0, 'http://radiovesti.ru/pics/b/180/83.jpg', 'конкурс'),
(86, 'Умер британский актер Джон Херт', 'Умер британский актер Джон ХертУмер британский актер Джон ХертУмер британский актер Джон ХертУмер британский актер Джон ХертУмер британский актер Джон ХертУмер британский актер Джон ХертУмер британский актер Джон ХертУмер британский актер Джон ХертУмер британский актер Джон ХертУмер британский актер Джон ХертУмер британский актер Джон ХертУмер британский актер Джон ХертУмер британский актер Джон ХертУмер британский актер Джон ХертУмер британский актер Джон ХертУмер британский актер Джон ХертУмер британский актер Джон ХертУмер британский актер Джон ХертУмер британский актер Джон ХертУмер британский актер Джон ХертУмер британский актер Джон ХертУмер британский актер Джон ХертУмер британский актер Джон Херт', '2017-02-02 16:26:29', 0, 5, 0, 'https://st.kp.yandex.net/images/actor_iphone/iphone360_9331.jpg', 'актер'),
(87, 'Королевская почта выпустит марки с Дэвидом Боуи', 'Королевская почта выпустит марки с Дэвидом БоуиКоролевская почта выпустит марки с Дэвидом БоуиКоролевская почта выпустит марки с Дэвидом БоуиКоролевская почта выпустит марки с Дэвидом БоуиКоролевская почта выпустит марки с Дэвидом БоуиКоролевская почта выпустит марки с Дэвидом БоуиКоролевская почта выпустит марки с Дэвидом БоуиКоролевская почта выпустит марки с Дэвидом БоуиКоролевская почта выпустит марки с Дэвидом БоуиКоролевская почта выпустит марки с Дэвидом БоуиКоролевская почта выпустит марки с Дэвидом БоуиКоролевская почта выпустит марки с Дэвидом БоуиКоролевская почта выпустит марки с Дэвидом БоуиКоролевская почта выпустит марки с Дэвидом БоуиКоролевская почта выпустит марки с Дэвидом БоуиКоролевская почта выпустит марки с Дэвидом БоуиКоролевская почта выпустит марки с Дэвидом БоуиКоролевская почта выпустит марки с Дэвидом БоуиКоролевская почта выпустит марки с Дэвидом БоуиКоролевская почта выпустит марки с Дэвидом БоуиКоролевская почта выпустит марки с Дэвидом Боуи', '2017-02-01 16:26:29', 0, 5, 0, 'http://citaty.info/files/portraits/11131_0.jpg', ''),
(88, 'Стало известно название нового эпизода "Звездных войн"', 'Стало известно название нового эпизода "Звездных войн"Стало известно название нового эпизода "Звездных войн"Стало известно название нового эпизода "Звездных войн"Стало известно название нового эпизода "Звездных войн"Стало известно название нового эпизода "Звездных войн"Стало известно название нового эпизода "Звездных войн"Стало известно название нового эпизода "Звездных войн"Стало известно название нового эпизода "Звездных войн"Стало известно название нового эпизода "Звездных войн"Стало известно название нового эпизода "Звездных войн"Стало известно название нового эпизода "Звездных войн"Стало известно название нового эпизода "Звездных войн"Стало известно название нового эпизода "Звездных войн"Стало известно название нового эпизода "Звездных войн"', '2017-02-01 16:26:29', 0, 5, 0, 'https://i.ytimg.com/vi/VGfGxqHPF0s/maxresdefault.jpg', 'кино'),
(89, 'Дни украинского кино в Брюсселе открыл фильм Довженко "Земля"', 'Дни украинского кино в Брюсселе открыл фильм Довженко "Земля"Дни украинского кино в Брюсселе открыл фильм Довженко "Земля"Дни украинского кино в Брюсселе открыл фильм Довженко "Земля"Дни украинского кино в Брюсселе открыл фильм Довженко "Земля"Дни украинского кино в Брюсселе открыл фильм Довженко "Земля"Дни украинского кино в Брюсселе открыл фильм Довженко "Земля"Дни украинского кино в Брюсселе открыл фильм Довженко "Земля"Дни украинского кино в Брюсселе открыл фильм Довженко "Земля"', '2017-02-03 16:26:29', 0, 5, 0, 'http://www.kinowar.com/wp-content/uploads/2015/12/%D0%A3%D0%BA%D1%80%D0%B0%D0%B8%D0%BD%D1%81%D0%BA%D0%BE%D0%B5-%D0%BA%D0%B8%D0%BD%D0%BE-%D0%B2-%D0%91%D1%80%D1%8E%D1%81%D1%81%D0%B5%D0%BB%D0%B5.jpg', 'кино'),
(90, 'Украинский мультфильм бьет рекорды в международном прокате', 'Украинский мультфильм бьет рекорды в международном прокатеУкраинский мультфильм бьет рекорды в международном прокатеУкраинский мультфильм бьет рекорды в международном прокатеУкраинский мультфильм бьет рекорды в международном прокатеУкраинский мультфильм бьет рекорды в международном прокатеУкраинский мультфильм бьет рекорды в международном прокатеУкраинский мультфильм бьет рекорды в международном прокатеУкраинский мультфильм бьет рекорды в международном прокате', '2017-02-03 16:26:29', 0, 5, 0, 'http://podrobnosti.ua/media/pictures/2016/1/26/thumbs/740x415/v-seti-pojavilsja-trejler-multfilma_rect_2a280b5507cd529f3dcbd805795ab83d.png', 'мультик'),
(91, 'Умер российский актер Георгий Тараторкин', 'Умер российский актер Георгий ТараторкинУмер российский актер Георгий ТараторкинУмер российский актер Георгий ТараторкинУмер российский актер Георгий ТараторкинУмер российский актер Георгий ТараторкинУмер российский актер Георгий ТараторкинУмер российский актер Георгий ТараторкинУмер российский актер Георгий ТараторкинУмер российский актер Георгий ТараторкинУмер российский актер Георгий ТараторкинУмер российский актер Георгий ТараторкинУмер российский актер Георгий Тараторкин', '2017-02-04 16:26:29', 0, 5, 0, 'http://www.kino-teatr.ru/acter/foto/ros/4241.jpg', 'актер'),
(92, '	Украинка впервые стала дирижером в австрийской опере', '	Украинка впервые стала дирижером в австрийской опере	Украинка впервые стала дирижером в австрийской опере	Украинка впервые стала дирижером в австрийской опере	Украинка впервые стала дирижером в австрийской опере	Украинка впервые стала дирижером в австрийской опере	Украинка впервые стала дирижером в австрийской опере	Украинка впервые стала дирижером в австрийской опере	Украинка впервые стала дирижером в австрийской опере	Украинка впервые стала дирижером в австрийской опере	Украинка впервые стала дирижером в австрийской опере	Украинка впервые стала дирижером в австрийской опере	Украинка впервые стала дирижером в австрийской опере	Украинка впервые стала дирижером в австрийской опере	Украинка впервые стала дирижером в австрийской опере	Украинка впервые стала дирижером в австрийской опере	Украинка впервые стала дирижером в австрийской опере	Украинка впервые стала дирижером в австрийской опере	Украинка впервые стала дирижером в австрийской опере	Украинка впервые стала дирижером в австрийской опере	Украинка впервые стала дирижером в австрийской опере	Украинка впервые стала дирижером в австрийской опере	Украинка впервые стала дирижером в австрийской опере', '2017-02-04 16:26:29', 0, 5, 0, 'http://www.muz-urok.ru/orkestr/dirizher9.gif', 'опера'),
(93, '	На Берлинском кинофестивале покажут фильм о Сенцове', '	На Берлинском кинофестивале покажут фильм о Сенцове	На Берлинском кинофестивале покажут фильм о Сенцове	На Берлинском кинофестивале покажут фильм о Сенцове	На Берлинском кинофестивале покажут фильм о Сенцове	На Берлинском кинофестивале покажут фильм о Сенцове	На Берлинском кинофестивале покажут фильм о Сенцове	На Берлинском кинофестивале покажут фильм о Сенцове	На Берлинском кинофестивале покажут фильм о Сенцове	На Берлинском кинофестивале покажут фильм о Сенцове	На Берлинском кинофестивале покажут фильм о Сенцове	На Берлинском кинофестивале покажут фильм о Сенцове	На Берлинском кинофестивале покажут фильм о Сенцове	На Берлинском кинофестивале покажут фильм о Сенцове', '2017-02-04 16:26:29', 0, 5, 0, 'https://icdn.lenta.ru/images/0000/0297/000002979851/pic_1360268112.jpg', 'кинофестиваль'),
(94, 'Финал конкурса Мисс Вселенная и победа француженки', '\r\n14:31	Финал конкурса Мисс Вселенная и победа француженки: фоторепортаж  \r\n14:31	Финал конкурса Мисс Вселенная и победа француженки: фоторепортаж  \r\n14:31	Финал конкурса Мисс Вселенная и победа француженки: фоторепортаж  \r\n14:31	Финал конкурса Мисс Вселенная и победа француженки: фоторепортаж  \r\n14:31	Финал конкурса Мисс Вселенная и победа француженки: фоторепортаж  \r\n14:31	Финал конкурса Мисс Вселенная и победа француженки: фоторепортаж  \r\n14:31	Финал конкурса Мисс Вселенная и победа француженки: фоторепортаж  \r\n14:31	Финал конкурса Мисс Вселенная и победа француженки: фоторепортаж  \r\n14:31	Финал конкурса Мисс Вселенная и победа француженки: фоторепортаж  \r\n14:31	Финал конкурса Мисс Вселенная и победа француженки: фоторепортаж  ', '2017-02-04 16:26:29', 0, 5, 0, 'http://radiovesti.ru/pics/b/180/83.jpg', 'конкурс'),
(95, 'Depeche Mode показала новый ', 'Ролик воссоздает атмосферу фильма "Город грехов" 2005 года.\r\nБританская группа  Depeche Mode презентовала клип на недавно выпущенную композицию Where''s the Revolution. Ролик был обнародован на YouTube-канале коллектива, успев собрать менее чем за сутки 400 тысяч просмотров.\r\nВидеоработа снята в черно-белых тонах, однако в определенный момент пиджак солиста Дэвида Гаана становится красным, из-за чего возникает аллюзия к фильму Квентина Тарантино "Город грехов", снятого в такой же манере.', '2017-02-13 07:12:12', 301, 8, 0, 'http://kor.ill.in.ua/m/610x385/1954453.jpg', 'музыка');

-- --------------------------------------------------------

--
-- Структура таблиці `user`
--

CREATE TABLE `user` (
  `id` int(11) NOT NULL,
  `email` varchar(50) NOT NULL,
  `password` char(32) NOT NULL,
  `activation_hash` char(32) DEFAULT NULL,
  `role` varchar(30) NOT NULL DEFAULT 'ROLE_USER'
) ENGINE=InnoDB DEFAULT CHARSET=utf8;

--
-- Дамп даних таблиці `user`
--

INSERT INTO `user` (`id`, `email`, `password`, `activation_hash`, `role`) VALUES
(1, 'a@a.a', '008711578f40488d394f72018bbf1409', NULL, 'ROLE_ADMIN'),
(2, 'f@f.com', 'f8ac34a998c0638f1f3c8739c5158b86', NULL, 'ROLE_USER'),
(3, 'qwer@q.com', 'f8ac34a998c0638f1f3c8739c5158b86', NULL, 'ROLE_USER'),
(4, 'sdfg@asd.com', 'f8ac34a998c0638f1f3c8739c5158b86', NULL, 'ROLE_USER'),
(5, 's@s.s', 'f8ac34a998c0638f1f3c8739c5158b86', NULL, 'ROLE_USER'),
(6, 'NEDOVBA@a.a', 'f8ac34a998c0638f1f3c8739c5158b86', NULL, 'ROLE_USER'),
(7, 'm@m.com', 'f8ac34a998c0638f1f3c8739c5158b86', NULL, 'ROLE_USER'),
(8, 'asd@asddff.com', 'f8ac34a998c0638f1f3c8739c5158b86', NULL, 'ROLE_USER');

--
-- Індекси збережених таблиць
--

--
-- Індекси таблиці `advert`
--
ALTER TABLE `advert`
  ADD PRIMARY KEY (`id`);

--
-- Індекси таблиці `category`
--
ALTER TABLE `category`
  ADD PRIMARY KEY (`id`);

--
-- Індекси таблиці `comments`
--
ALTER TABLE `comments`
  ADD PRIMARY KEY (`id`),
  ADD KEY `user_id` (`user_id`),
  ADD KEY `post_id` (`post_id`),
  ADD KEY `user_id_2` (`user_id`),
  ADD KEY `parent_id` (`parent_id`);

--
-- Індекси таблиці `posts`
--
ALTER TABLE `posts`
  ADD PRIMARY KEY (`id`),
  ADD KEY `category` (`category`);

--
-- Індекси таблиці `user`
--
ALTER TABLE `user`
  ADD PRIMARY KEY (`id`);

--
-- AUTO_INCREMENT для збережених таблиць
--

--
-- AUTO_INCREMENT для таблиці `advert`
--
ALTER TABLE `advert`
  MODIFY `id` int(11) NOT NULL AUTO_INCREMENT, AUTO_INCREMENT=10;
--
-- AUTO_INCREMENT для таблиці `category`
--
ALTER TABLE `category`
  MODIFY `id` int(11) NOT NULL AUTO_INCREMENT, AUTO_INCREMENT=9;
--
-- AUTO_INCREMENT для таблиці `comments`
--
ALTER TABLE `comments`
  MODIFY `id` int(11) NOT NULL AUTO_INCREMENT, AUTO_INCREMENT=60;
--
-- AUTO_INCREMENT для таблиці `posts`
--
ALTER TABLE `posts`
  MODIFY `id` int(11) NOT NULL AUTO_INCREMENT, AUTO_INCREMENT=96;
--
-- AUTO_INCREMENT для таблиці `user`
--
ALTER TABLE `user`
  MODIFY `id` int(11) NOT NULL AUTO_INCREMENT, AUTO_INCREMENT=9;
--
-- Обмеження зовнішнього ключа збережених таблиць
--

--
-- Обмеження зовнішнього ключа таблиці `comments`
--
ALTER TABLE `comments`
  ADD CONSTRAINT `comments_ibfk_2` FOREIGN KEY (`user_id`) REFERENCES `user` (`id`) ON DELETE NO ACTION ON UPDATE NO ACTION,
  ADD CONSTRAINT `comments_ibfk_3` FOREIGN KEY (`post_id`) REFERENCES `posts` (`id`) ON DELETE NO ACTION ON UPDATE NO ACTION;

--
-- Обмеження зовнішнього ключа таблиці `posts`
--
ALTER TABLE `posts`
  ADD CONSTRAINT `posts_ibfk_1` FOREIGN KEY (`category`) REFERENCES `category` (`id`) ON DELETE SET NULL ON UPDATE CASCADE;

/*!40101 SET CHARACTER_SET_CLIENT=@OLD_CHARACTER_SET_CLIENT */;
/*!40101 SET CHARACTER_SET_RESULTS=@OLD_CHARACTER_SET_RESULTS */;
/*!40101 SET COLLATION_CONNECTION=@OLD_COLLATION_CONNECTION */;
